CoordinateX,CoordinateY
7.32,-0.02
-4.90233,-4.56252
-1.59892,-5.57256
-7.3,-10.23
0.94,1.34
1.12,3.53
-0.12,0.01
6.99,1.83
-1.32,0.22
4.27138,3.1549
4.08,-9.19
-4.70017,3.48867
8.41762,-1.64442
1.77,-0.17
3.77,7.08
5.09621,7.281
9.5,0.63
-4.41,0.66
1.31275,-1.89621
3.47051,1.23769
4.48,-7.65
-1.18,-1.26
1.97,16.06
-2.41,-2.17
-1.29,3.29
-14.76,0.07
12.55,17.98
-0.88,-5.02
-2.16,-2.46
-6.00833,-6.25067
-2.51823,-17.93825
4.90248,2.08705
5.18,1.22
10.46166,3.61544
-9.71,-0.15
-0.24,1.17
-12.97,-2.51
-7.5,3.52
12.63,6.86
1.43186,-0.99502
-5.01,-6.71
-0.72,3.54
15.65,16.72
-0.38,-1.51
-5.46,4.1
1.32971,14.68627
1.49932,8.51441
20.96,2.93
-11.96361,-2.38183
6.23742,-3.08198
-2.23,16.71
-4.81,1.75
3.77,0.32
9.79588,3.57213
9.52,6.18
-4.64,-4.44
-0.05,-0.1
-7.77,7.13
10.65611,-1.77128
5.34,3.3
2.01,1.82
9.9,-3.57
-3.39,-1.12
13.21,6.45
29.18,-9.2
0.16,1.65
8.43,4.8
1.5,30.83
-0.05,-2.14
-4.21543,-5.76625
-0.31,-14.27
-5.18437,-7.46238
4.01,0.51
-3.18,1.48
0.01,2.97
6.22,-10.47
-4.82129,-4.04591
-1.62,1.74
-26.46,-7.88
2.04,-16.78
-8.02,-4.81
1.72,-9.78
16.09,-11.57
0.96909,0.29073
-3.63415,1.84124
7.33,13.98
2.67,1.82
3.03,-5.07
3.9557,5.70335
5.8,1.07
3.62,2.99
6.04,2.35
27.66,21.08
-2.2047,-1.09022
-1.46,-1.16
1.18,-0.89
-13.25,6.31
12.84,-12.64
-0.48535,-5.92196
-1.73,-0.48
4.24693,-5.84896
7.17,-7.56
-3.03,-2.16
-6,2.99
-1.20926,-3.53117
7.88,-20.86
-0.05,-12.7
2.16,0.01
3.06313,-2.28516
-3.44616,3.88304
10.34046,1.31027
-1.32,2.67
0.73,-2.62
-3.59,11.55
4.59483,0.36464
1.29,2.46
3.47,-1.58
1.44,1.07
-4.23935,-8.65001
-7.46,-3.82
-0.42,0.01
-5.16,-9.72
-11.14661,4.50544
-1.47,1.52
11.33008,17.35755
-1.42941,-0.50877
4.46562,0.5339
16.79776,2.39733
0.94644,4.97532
1.11634,-3.98019
1.97,-4.46
-1.21,-2.57
-9.7,-5.57
2.31,-1.53
-2.43,2.04
10.08718,1.76524
-1.46,-9.14
5.45,-8.67
2.36,7.77
2.54,19.52
-0.87217,-3.39188
-3.42769,4.74061
-8.94,-1.53
-1.68,3.92
21.88,12.1
-7.86384,-3.10612
11.84,13.2
9.09,-0.78
-14.61,-10.09
-11.57,14.44
-9.12641,1.40739
2.67,1.75
-5.8,-2.55
3.95,1.73
0.65524,-3.5676
-5.19,-14.08
-2.19,1.6
-1.13868,1.3325
3.27055,5.79055
-1.16288,4.07029
0.07268,-5.3545
9.69164,-7.17073
-4.45,-9.02
-5.45,1.14
-3.29,-0.78
-0.15,1.02
-32.77,-6.72
6.19,5.9
13.23,2.62
1.75,1.31
1.50206,3.82799
0.65525,2.54826
2.75,20.56
5.86,-9.79
-1,3.14
-2.54,-0.46
2.54365,-7.38995
-2.84,-0.8
10.55238,4.61823
-4.61105,5.04796
-2.21,-0.29
7.34,-1.36
-1.2598,3.10114
-1.43,-4.49
7.01,8.37
0.75,0.34
-0.68,0.34
-2.08,2.21
-1.37,0.1
1.57,0.4
16.86,23.79
-0.78,0
10.1,-0.15
-1.86871,0.84941
2.86335,-9.07775
-5.52411,-1.1144
-0.96743,0.72557
-3.00913,6.89282
-3.54,1.99
-1.04348,6.77155
0.73,6.84
2.96,6.16
-5.35,6.47
-8.68,-9.17
-1.02,-1.06
-1.96,-4.19
-2.22,20.59
1.6,19.61
9.77,-1.77
1.04,1.67
-3.96,1.43
-2.45,-9.31
1.52,-0.12
0.51,-0.8
-0.41,2.16
-3.4,-0.68
-1.92,9.33
-1.97,2.26
1.92,1
-0.2665,-0.60568
2.1599,3.42195
-5.84875,-6.1886
-0.88,0.2
-3.42,-0.9
14.4,-0.93
1.8,-4.81
-9.43266,8.56148
-0.78,-3.29
1.08,-0.49
4.05,4.15
-6.04,1.09
-30.67,12.51
-10.61,3.13
-5.31,4.25
1.07,10.55
18.04,21.09
2.57225,7.76677
-9.52,-19.17
-3.94165,-10.13535
-4.49703,8.29054
-0.84,1.06
-0.61,-0.3
16.97,8.28
-6.75871,3.11153
-13.18348,-3.14863
-1.27,-0.17
4.46,7.75
-0.38,-1.54
-0.29,0.94
-1.7959,-0.97075
5.5241,1.25975
3.28,9.3
-8.24,3.82
-2.82,5.4
1.09,-8.23
2.88,0.79
-8.7689,-12.84246
1.11,-0.09
1.79191,-17.01621
-1.65,0.92
-11.32835,11.91236
0.7,2.22
8.25,3.46
1.68,4.01
3.69,-5.92
-20.05,7.42
12.25,-6.03
7.61,18.46
1.85,-8.51
0.58,1.22
1.26,9.05
2.01,-5.31
2.62,-1.5
-5.23334,-0.87214
-1.38332,-1.72309
-5.34,7.18
1.33,-1.67
-2.26,-1.63
-41.97,4.48
0.19412,8.98076
4.12,-2.13
-2.43,-2.23
-4.06931,11.72852
-2.55,-1.43
-0.41,-0.86
5.3381,11.79698
6.67,-4.05
1.59,-1.34
-4.61,5.34
0.63,7.14
-0.51,4.34
-1.32,1.69
6.68,-7.42
-5.19,-3.06
-0.62983,-8.18979
-0.07,-8.16
-4.97043,2.54567
-8.91621,-6.5894
-9.21,-5.23
3.47045,3.37337
2.66,0.12
-6.95,4.29
-4.73,6.53
-0.53,0.68
-2.57,-2.28
-3.04,3.14
0.85,-1.73
3.34913,2.57248
-4.8,-7.09
11.04976,-3.73028
0.56,-0.56
-2.87,-0.51
-4.89,0.37
6.93,-3.96
-2.5678,8.38359
-1.97,4.25
10.04751,-9.46466
-15.42,4.84
1.65,13.55
-7.48676,-3.99722
-0.34,-6.16
6.43,-0.85
1.58,4.3
-3.6,0.93
-4.1,2
-4.1258,1.89293
10.87,11.8
-4.18,0.78
-1.1,-0.75
3.64,-3.15
3.31,3.45
2.0351,-1.40518
-1.32,1.68
-8.06861,-0.55716
0.0728,5.99479
-2.92,-3.55
2.32,2.8
-0.93,-6.09
4.13,-7.43
2.41,-3.87
-0.81,0.64
6.14,-3.94
3.99,-1.7
-1.88957,-7.07495
5.16,4.68
5.79,0.12
-6.19,-2.69
-10.92329,0.5338
-0.64,-0.81
1.8,8.41
2.06,-3.76
5.99479,-0.31547
-9.28,2.65
-5.53,4.21
11.87,-0.85
3.05249,5.96019
-0.67953,0.3883
1.56,0.38
-2.87,3.35
-17.14,-10.04
2.41817,-9.86935
10.0561,1.23537
-0.80175,18.70628
11.39,5.63
-6.7,7.23
-4.14,0.73
5.51,0.85
-0.3634,-3.22229
-3.42782,-1.58015
-14.95,-4.19
-3.24,-1.08
8.52906,-1.6957
-3.43,10.48
0.15,-1.72
9.47129,13.5453
-0.28,-1.11
4.8,7.96
-3.1976,-9.01368
-2.22872,7.31727
-4.88,6.24
1.53,0.7
7.49756,-7.44917
6.09,4.39
-1.57,0.52
-4.28,0.43
4.27,3.45
-9.83,7.55
-6.46,-5.1
2.04,6.94
-1.26414,-0.38896
-6.49,-5.42
-4.63,-8.72
0.79,-0.57
-1.3325,1.18714
7.33,-8.15
-0.46,-7.21
-6.14302,7.06236
-3.35,9.66
-16.24,-4.91
-4.67,-2.33
5.03943,2.85873
1.72,1
-12.23,1.85
1.82,-3.76
-2.07,-7.38
1.62602,1.33478
0.58,-0.76
-7.81514,-4.46514
20.96,-23.69
-28.83,27.57
-3.3,10.68
-11.06,-2.65
-0.17,-1.43
-2.02,-0.55
3.95,-2.29
1.63,-2.79
2.08,1.12
-1.84443,-1.69882
-4.3,-6.58
0.31,0.46
-0.87214,5.08796
-10.8826,-12.91624
-0.97,5.1
-2.11,2.26
-0.56,-5.41
3.36762,-2.5923
-3.64,2.57
7.35,-3.62
-0.65,1.27
4.85,-8.88
-0.12,7.01
3.62754,-7.78843
0.29,8.82
-6.14,-0.12
-6.99743,19.80577
1.98,11.81
-8.56793,2.45086
2.22509,-1.35439
-1.24,6.93
-0.88,3.35
0.83,-6.83
1.03,-0.51
9.32044,-3.73692
0.12,0.38
4.10096,-9.05333
-0.46,2.4
1.26,5.51
-7.57,-2.39
5.67,-3.63
-4.60333,1.69585
-3.36,-9.32
2.39826,-7.87465
2.29,-3.06
4.55436,-8.14102
4.62702,-8.31066
4.74,-2.23
1.79589,-2.28128
-7.26,-3.41
-0.87,-17.82
0.43,-3.14
-0.34,5.45
-9.59,3.86
-3.34299,-8.57741
-2.7,4.25
1.62,0.17
4.07,6.45
1.48,-3.86
3.77,3.14
3.26509,2.34598
-0.96,0.69
3.8,-8.74
-10.9,-12.16
2.58,1.46
4.17,0.19
1.29,-7.85
-5.42652,8.33478
-6.82011,0.12133
0.29122,2.62107
3.98,-5.15
11.7,-5.95
5.17582,-4.11149
8.3,3.69
2.44661,-9.23189
2.65,0.55
3.76,-8.33
1.46,-1.95
-1.31,2.37
1.7443,-4.79717
5.75,1.63
-8.39736,6.89207
3.28,-0.02
-10.84,13.47
-18.84,5.53
-6.12974,3.94889
-7.58332,6.61389
2.37835,-1.99004
-1.38311,-9.34492
4.72925,20.0353
-11.4,0.12
-4.80502,-6.89265
-0.8,13.84
1,-3.96
-10.72,-4.19
6.17817,-4.33653
-3.69,-4.95
-12.11,-5.15
0.52,-5
21.59,25.1
-5.03,-5.96
8.7367,-9.02809
-0.75,1
4.26362,8.28647
2.90223,4.15999
-8.00963,-0.38826
-7.92,-3.73
-0.87348,11.36041
-0.29122,-4.32
1.26,-3.06
11.72,-1.04
15.85,-12.3
-5.70333,4.1984
1.52363,-5.00663
0.32,3.38
0.47,0.41
10.11,14.49
2.24,-1.81
-5.55,-3.41
7.71778,-6.21259
1.41,-4.53
9.75,-0.02
4.41697,-3.78591
1.34,-2.56
6.75996,0.12113
2.14,-0.77
-0.98,-1.58
1.14,-1.77
20.55,8.24
-2.82,2.72
-0.27,0.26
-4.79,7.56
2.09,3.15
-2.97969,-7.68073
5.67777,12.03976
-1.97,1.57
-8.50363,9.03692
-8.10312,0.8464
-0.35,-0.24
2.08,-0.51
3.38,-9.43
-4.68,-0.51
-3.45,-5.82
-2.97,-0.04
0.51,0.59
7.7,-12.91
-4.70021,2.76184
3.73086,5.91168
-2.04,2.38
0,1.79898
1.41,-0.57
0.44,-0.15
15.65444,-4.18243
-6.12,-2.04
1.07,1.67
-1.97,1.73
3.82,2.41
-5.57,3.82
11.27282,-3.43366
7.79112,1.18905
-0.66,10.61
-2.8,-0.66
2.59233,-2.01085
0.48,0.33
0.07,5.74
-7.78,-9.87
0.85,-4.34
15.93,9.16
5.15159,4.57104
0.36403,-1.57748
3.75,4
-5.88346,-0.53479
0.83,-8.45
-3.80362,4.91822
2.38,-41.62
-3.96,12.77
7.29,10.31
0.02,2.21
-7.45113,-3.2275
-4.13,-2.53
-18.98,2.3
2.24,7.35
2.58,1.03
6.17837,0.55719
-7.89,3.36
3.64035,-3.15493
-0.15,-4.9
2.4,-1.13
-0.34,-0.6
-12.23,-6.36
-0.85,-0.31
2.42679,5.33936
-1.12,-0.63
2.47,-3.12
9.14,-9
7.45,3.76
-14.7598,-3.51168
0.24227,-1.79283
10.4,-7.72
0.87,8.2
1.29,5.47
-5.66,-2.8
-2.51966,-1.25981
2.84,5.8
3.03,2.74
-0.59,-0.34
-4.76,6.55
-3.31909,4.33674
-2.04,-5.19
7.68058,-4.48174
-20.47141,-6.79864
11.77,17.26
11.07,-9.33
-11.34,-4.8
-3.6223,1.87186
-2.9,-0.19
5.38,-5.73
0.46,-7.27
1.23771,1.82017
8.46785,-5.99931
2.75,-0.17
2.97,-2.77
0.22,-0.41
-1.11433,-7.94742
-0.95,-17.9
-0.87214,-5.57257
-2.26,-6.53
-5.67,-5.67
-7.77753,-4.38482
2.38,-1.57
-3.90736,2.01427
8.84417,0.84784
35.65,16.55
-32.55,5.1
0.7,-5.15
-5.28141,-6.49307
-0.75222,9.19927
7.78,-4.04
-14.98,10.65
-7.32,-8.39
-5.74,2.78
-1.24,-0.46
3.19184,-11.32125
-4.05301,1.14061
-0.07292,-10.18791
2.85,-0.32
1.71,0.15
1.88,0.75
8.67,-1.63
0.87367,2.71814
-6.32,1.1
9.66,-0.15
0.58,14.66
7.54,-5.98
3.83,3.89
0.92,-1.65
1.59885,-7.36577
-10.3498,0.70265
-5.45827,-16.09681
5.62,4.74
-2.56811,1.45363
-9.89,-1.95
-0.05,-4.22
-6.26368,8.6832
7.87,-7.82
-0.68,1.89
-0.19,2.63
-1.87,6.02
-0.61,-12.55
13.3,4.17
-3.91,-1.48
-3.76,-2.3
2.04,0.58
3.09,-2.02
8.75,23.53
11.37,15.45
5.3,-1.26
6.12,-1.99
-8.14,-0.9
-1.65,2.19
1.29,-1.48
5.05,-4.32
-0.38816,-4.8039
-1.04,0.38
5.69,-1.56
0.7,2.8
-14.66,-8.42
10.56516,1.16268
2.85,-1.81
-0.58,4.19
-6.72,-3.46
3.76,4.78
0.15,-2.97
-2.46,2.65
-0.46,26.61
-2.52,9.45
-11.85,6.86
-2.14,8.3
0.89,-0.19
0.8,0.51
6.39607,5.86293
-6.57,-8.09
-0.19,-1.95
-0.93,4.43
4.63,4.92
7.95,3.25
-7.57,-0.07
-5.72,2.46
-6.36,-6.89
12.4,-12.35
14.74,-2.77
1.39,-1.98
1.19,-1.58
-0.8,4.21
-1.26,-2.38
0.26,0.85
-4.61125,-0.63097
11.82,-4.34
0.82,2.25
-3.36765,-0.89639
10.61,2.42
-10.41,10.56
0.79,0.42
5.8,-6.04
118.54,-97.61
-1.11,5.91
-0.19,1.56
-0.63,0.28
-9.91,5.77
4.16706,-4.65167
4.64,-2.89
-1.72,-1.57
8.3142,-8.07098
0.7,-1.68
2.46,-0.9
-11.38,6.85
5.87,2.33
0.17,2.21
-2.06,-0.17
-6.41,-1.89
10.38816,-6.98869
-4.89,-0.22
-3.21,0.18
-14.0513,14.77919
0.87367,-2.81522
-0.55,0.92
7.03603,-1.42631
-10.29,3.35
-2.82,-1.89
-0.21,1.05
-7.51,5.62
7.9,26.68
-3.02,0.76
-0.53,-0.94
-0.02,11.84
0.53,2.72
-1.6,1.41
-26.87836,0.43554
-2.75,3.27
2.55,-2.5
-8.07,-3.32
1.46,-8.11
-1.26,11.6
0.67,0.25
11.95,21.7
-0.19,-1.41
0.22,5.24
11.5,-6.2
3.5311,-3.67622
10.76,-2.62
-39.57,11.72
-2.79096,-0.41256
11.36,-2.75
1.91057,-5.73229
-0.12133,7.25706
-2.41,8.44
-3.5,-1.39
-6.75,1.26
3.6,-2.72
-3.9,-3.56
-1.38091,4.57911
-5.45,-13.35
0.06,-0.95
-0.95,2.22
3.46,5.02
8.58696,-2.00716
4.21,-7.33
-5.44,-5.53
7.88819,-1.96557
-0.52,-0.62
3.89,0.49
2.58,-2.43
4.17406,6.50434
-2.72,-2.24
3.69,4.27
-1.51,0.7
4.15,-6.24
9.61958,3.6578
-4.66,-4.95
-2.06639,-0.17017
-7.29,3.36
-1.18,-1.14
0.92,-2.97
-3.04,-0.22
8.59,-0.44
-2.02,0.95
2.70281,-7.57408
11.4136,-2.05886
1.43,0.56
-11.92,-5.99
-4.42,-0.05
-1.93,2.43
4.14,0.49
1.78,-6.84
2.83324,16.65211
-8.71,-1.82
-6.84,0.39
-0.12,-1.48
0.53,3.98
0.44,1.02
3.53,-1.43
4.9,3.88
3.91,-1.14
1.04,-1.79
0.87368,0.19415
-13.28,9.44
0.99842,-1.09583
7.51,-8.14
0.05,0.62
7.15957,-1.59611
0.54,5.6
-0.9,-8.03
-9.54,13.57
-6.75,1.75
6.99,-6.55
5.31475,6.47994
1.69,-0.29
20,-17.28
5.9,-8.96
-3.94,-1.31
5.9799,-8.801
2.78,0.63
0.39,-6.36
0,-3.29497
-0.04854,3.44625
0.24,4.03
0.65387,-15.14822
8.17909,-5.75137
4.2,4.78
1.96905,-5.42145
-13.35205,1.35863
-1.26197,-2.47544
2.1113,-5.3151
-6.42,5.45
-2.71784,7.91242
6.36,-0.19
-14.15,-14.05
-8.64,2.57
2.51,-2.52
-5.74,-1.43
-3.01,2.67
4.68,-6.09
-10.03,-7.98
1.89,0.87
1.25,-0.19
2.59,0.8
8.62581,3.92441
3.73,-25.46
0.67746,-16.80822
1.46,4.42
0.68,8.59
-3.54,-2.12
-12.62,1.89
-28.04549,0.29082
-0.53,3.64
-5.81,1.58
4.97,-8.66
-1.2,-1.83
-0.51,-0.89
-6.5,-5.68
11.21,7.96
-3.89,-13.96
-1.63,-4.68
-6.5,2.48
-4.14299,0.21804
-17.23973,-2.91077
-2.65,-0.65
-2.86375,1.84442
-0.49,-6.27
0.17,8.08
-3.03,-1.14
2.1,1.03
-2.77,8.64
1.12,-2.96
3.92,5.08
1.33,0.92
0.48,0.62
-3,-4.17
1.64463,0.3386
10.14,-1.63
8.72,1.7
-15.7,9.06
2.05924,4.96677
2.94,-8.28
2.92,-3.12
1.35,-1.15
-2.13201,1.25981
-0.66,-14.2
0.29167,10.50413
-6.67,-4.93
-9.53,-6.27
-14.95515,3.88158
-4.16717,-2.71341
0.67709,-9.2887
5.82,15.29
7.57,-6.84
1.11633,4.36853
1.75,-0.77
25.75,-11.59
4.33,-2.04
-7.85,6.25
-0.46,-8.81
-10.29173,3.25147
4.26387,5.96009
5.23,12.54
4.45794,-2.22885
0.49,-10.54
-4.66,-3.74
-39.39,-28.55
0.53,-0.2
3.6,1.9
-0.68,0.1
-3.3,-4.9
-8.04179,-13.47316
-0.55,-2.54
8.74716,-2.25285
4.58,-4.44
3.9137,7.31791
15.62,-22
-5.3,8.07
6.94,0.87
-0.67,-1.37
0.8,10.4
-9.39,-5.85
-24.76,6.4
2.36,-0.61
-1.94,1.6
1.85,0.49
7.83,-6.71
-7.35,0.56
-0.9,-0.12
-7.4,-7.55
-5.27,6.72
3.06,-0.68
-1.57468,6.08142
2.14,0.39
4.16,3.96
-2.77,11.26
-5.25751,2.68913
4.89,3.91
8.1,-0.32
-9.19926,1.04341
0.78,-1.7
-6.76,0.61
-7.08657,-6.69814
6.58,-1.75
0.92,3.05
0.11,1.35
-2.56,1.06
-1.98,0.54
-2.6,-1.12
4.68,1.43
-3.84,9
-1.49,-1.55
1.91723,2.30555
-1.84,2.12
-5.77,-0.61
-3.79,5.34
4.36081,5.62085
-40.41,17.06
2.82,2.48
-3.14,-4.4
-2.5,2.06
-9.47,-1.12
9.08,6.94
4.01,-1.39
-2.67,3.41
-2.13198,3.24649
-4.75613,9.46598
-6.88,6.88
-2.42274,-1.79281
13.17,-17.26
-1.75,1.49
2.32959,7.62113
4.17,-2.67
2.67,-0.44
-7.31,-5.7
7.88,-4.96
17.71,2.33
17.72894,9.07439
2.99,-2.26
2.63,-2.97
-1.09,-11.31
20.82,-1.64
4.2,-3.18
-1.96209,-9.7167
19.37,-15.24
1.52632,-1.52632
33.84,6.09
3.11,1.56
2.21,3.12
8.66,1.4
1.14,-2.5
5.42,5.86
-10.83,8.79
9.53885,-4.53771
0.33916,-5.52412
-1.67,-2.3
-2.49,0.65
-3.07,4.04
-6.66,7.88
-2.87303,-5.23941
-6.32,6.9
-10.67,-12.27
49.99,0.75
-1.35881,-10.24333
34.14,-18.65
0.19,-1.51
7.0015,-7.97098
-13.96,3.66
-0.19,0.13
-0.41255,5.60641
4.91834,-1.13864
14.4,-3.31
1.47531,2.68463
-7.38,-0.71
1.99004,-2.08712
2.33,-0.09
-9.54,4.05
-0.05,1.55
6.15309,9.78883
14.31,-1.45
3.52,-12.09
1.24,0.56
-1.89,2.08
-0.39,6.02
11.38213,-11.28497
-3.51283,5.69361
3.62,-8.42
-15.64983,-13.51828
-15.99474,-9.44585
3.74,6.61
-5.72777,0.87363
0.49,0.26
-11.8,-14.8
-2.20846,-2.35408
0.83,0.97
4.18,6.08
2.52,-1.67
-2.61204,2.80554
1.63,-22.41
4.34,8.91
-4.14,-13.5
7.60685,-9.78848
-0.95,-7.76
-6.54,-9.02
0.62981,9.49861
-5.22418,-4.30498
-1.27,0.18
-2.93633,-6.86855
-12.59784,7.44917
6.73,2.31
-0.81,0.05
15.78,-6.59
1.16288,3.68263
-18.87,8.65
-7.14736,-5.16019
-0.88,2.39
-0.19,-0.53
-5.86333,-1.55046
-5.87743,2.0073
-24.05,11.25
11.86,10.69
5.13642,0.0969
-0.61,-0.15
-3.57,-5.22
8.72,-8.28
3.42,-2.01
3.41,4.37
1.33467,-7.20849
1.79,-0.71
-1.19,-2.89
0.44,1.7
7.86,-4.72
2.4227,3.58568
4.11,8.78
4.7326,-1.18913
-0.93,-1.65
-2.07,-8.69
-6.35761,-10.67969
2.78,-0.26
-5.08,0.56
1.54,-0.02
-3.90002,-9.86194
6.44,9.21
5.19,-3.69
1.33021,1.08835
-2.59,-1.99
-7.91,4.71
0.19,4.76
0.78,0
7.63375,-6.02873
7.62,-0.19
1.76776,16.40963
15.18,-2.67
4.92,-0.31
-1.96579,-0.60672
-3.58,1.05
-1.48,1.43
-7.18,2.31
3.6,7.84
-4.19864,-0.89792
2.26,12.23
6.09,-3.42
2.75,-17.44
-2.26,-9.93
4.85,-4.31
-3.3245,8.22797
0.06,2.88
2.72,4.66
-9.06,-4.65
-1.84,-0.94
-6.55,-2.56
-3.8831,1.50463
-2.19,0.22
0.36,8.58
-36.74,21.29
4.08,7.54
-10.95103,10.22363
2.54,0.59
1.61,-1.75
-10.5847,-15.87281
5.39359,2.92635
5.13,6.2
-3.44623,-1.79587
7.22035,-6.19899
-8.29639,-17.62676
-0.42,0.06
-10.29588,-12.04179
0.53,7.43
0.97,-3.85
-0.8,-0.46
8.27211,5.0786
-2.6,-2.07
-5.19371,-2.76655
6.60145,3.97989
-1.31,-3.74
17.9,0.75
7.91,-16.93
0.14,0.95
-12.30733,-3.61517
7.28,1.26
-0.22,-3.09
1.83,-1.88
-0.60562,7.87473
-7.79,13.93
-1.14,-6.33
-2.5,5.5
-4.5,10.28
0.70258,-3.27074
2.45045,-12.93901
-9.7,-7.66
1.26,-5.39
-13.03502,-7.44902
-6.79583,-0.19414
-1.41,1.51
-1.86,0.16
-1.44,-0.56
2.37837,-0.14561
-0.85,-4.25
10.11073,-6.23919
0.69,-3.26
1.55,-7.41
1.77,-0.12
-1.72301,5.21803
14.24,-5.26
4.2,7.4
0.99673,0.26741
5.37,4.3
5.1,6.12
-2.74241,0.65525
-2.40252,5.26654
1.63,-3
4.41,1.7
0.25,-1.63
1.96572,-4.34424
-8.68941,-0.72797
-6.45,-9.18
-1.41,1.70173
2.43,0.66
-1.63,3.91
6.14,4.2
-0.42,0.67
2.85374,-6.38538
0.80083,-5.55786
-17.92064,-0.04851
-3.23,1.19
-2.38,-4.67
-1.41,1.36
1.41,0.15
-5.71,8.73
-2.95,-0.87
6.09,-2.53
-2.63,-1.85
-2.09,-2.05
1.63,2.21
7.68,-2.33
-3.51,2.25
-5.60594,6.91682
1.36,3.83
0.96,0.05
23.55,8.11
-1.39,0.95
-3.66,3.13
-0.38,0.42
3.85,-10.91
1.63,5.18
0.99,-7.65
-1.52,0.06
-13.93,11.55
-9.53,-4.62
7.35,-0.32
-2.5,-1.53
6.07,7.96
-0.61,-7.76
-0.13,-1.46
5.02,-11.01
3.69,-7.77
2.91,-5.97
-11.28,-3.68
-7.22,7.22
6.94,-7.96
39.67,2.34
-1.21,-1.72
0.37,-1.32
3.89,-2.68
3.15491,-4.02867
12.26201,-3.48787
10.47,-5.99
0.73,-1.35
-0.7,0.37
5.24213,4.61103
-3.85,-0.58
-0.7,5.76
-7.03,-1.48
3.95,1.39
-0.97,1.52
-5.22,1.67
-1.60148,-9.75768
-0.71,-0.83
-7.74,-1.27
2.3,-2.24
-1.7,-2.38
1.59,-2.74
-6.91683,-5.5574
3.32474,5.21795
-5.51,0.07
-6.39,-10.92
3.54,3.2
3.87,-8.89
-12.01,-11.43
-2.6164,-6.20253
-4.14185,-12.48012
3.32,5.84
1.14,2.8
-0.07,-4.74
5.15,-4.08
3.59144,8.20366
0.75192,-17.55598
3.27,-8.07
-13.71647,-0.75208
6.53,-19.17
-7.48,-1.31
0.26,-0.1
-0.62,1.3
-2.09,-0.75
0.28,-0.67
-2.29,-8.28
-3.45,3.11
-4.93,-0.63
9.76,-0.87
-3.05773,6.06751
-3.72,15.81
23.05,24.27
-2.14,2.92
2.89,6.57
-13.2,-4.17
2.08355,2.132
1.84,1.9
-3.03,21.84
-1.45,10.23
6.98,2.99
2.23,2.23
-0.46032,0.7995
1.21,-1.74
2.27,-0.75
-21.45,20.72
1.33,-1.82
7.34239,-1.65295
2.26,0.32
-2.63,7.88
-6.21,-3.2
-9.73,2.35
-1.8411,7.51116
-0.86,0.14
2.55,1.63
-4.87,0.19
0.89,2.91
-7.94,5.75
0.58,0.6
1.43,0.22
15.17,-6.62
0.43682,4.61125
-5.41067,12.74416
10.45,-1.89
-0.9,2.71
-4.35171,5.70585
-2.96553,-8.50958
0,2.14
-7.03785,7.95727
0.74,-0.35
18.72,31.62
-7.30552,-2.69362
0.54,2
-7.53304,13.40061
-0.95,2.9
1.02,1.31
-2.36,-2.89
7.5,3.92
-1.29,-9.2
2.47008,6.73313
-1.7,-6.27
-8.10511,-10.63065
-0.8,-4.01
-2.76668,-0.53391
2.93,-1.83
-0.02427,5.89769
4.08,2.04
0.48,1.52
4.69207,-1.09392
16.16425,9.95455
-1.45,-0.13
-2.58,-1.64
3.49,2.13
6.12987,-2.01074
-1,0.65
-9.13,7.52
-1.68,1.82
2.01,-1.61
-9.71,7.77
-10.53,10.77
0.9,-4.1
-2.17,-1.71
1.02,-5.68
-10.19,23.54
-2.09652,-1.2189
0.7766,-0.67953
-11.46,5.06
4.9,4.17
11.87378,5.13514
1.5,-2.47
-7.79073,-5.46019
0.75,-0.86
-0.37,-2.3
-2.74239,2.20845
-5.99,0.12
6.8,-2.77
-7.96,-5.14
8.53401,-1.38552
2.01,2.25
-11.65,16.75
5.13,1
8.83,-3.16
-2.07,-5.71
11.32142,-1.30573
6.12,2.77
5.02,-0.7
-0.38762,4.21568
0.60561,8.06861
-2.04,2.09
-4.82969,-0.99498
-0.80224,2.11501
-0.87209,7.70508
4.73,-8.2
0.05,2.67
-0.86,1.09
-10.07,-8.03
-13.66,21.7
-3.6,-4.42
-6.18664,14.5901
-10.66,45.42
-2.03805,-12.33182
-7.2203,2.81014
-7.73,7.29
-1.78,-1.83
1.14,-5.58
0.36,-5.37
-6.6,-0.46
0.84941,-0.84941
-4.19,-4.53
0.43603,-9.15927
4.4,-0.32
1.28623,-2.79095
2.14,3.74
0.03,-1.52
-8.3593,-3.17344
-9.78,6.93
-2.47,15.1
-1.09,5.99
4.6759,4.14283
2.8,1.97
-3.6,-5.41
0.09707,4.12583
3.35,9.22
20.23982,11.4054
-3.61609,2.93651
-4.95,-2.79
4.6,-15.37
-2.37,-1.89
-2.49521,7.09915
-0.53,0.97
-2.57,-0.73
-18.46593,13.99977
-0.22,4.68
10.58,3.28
8.03,-7.55
8.82,-4.24
-5.2,-1.51
5.12,0.75
4.02853,5.48489
4.23979,3.94903
-2.11,-4.25
-2.15608,-6.51758
-0.94,-1.2
4.64,10.48
-8.49,7.67
6.52848,-5.36328
-1.85,-1.27
3.66,-2.26
2.23,-5.81
3.55,3.11
-9.39,1.75
6.61293,0.04862
-2.08347,-4.89408
4.04326,-19.80693
-4.78,0
6.00737,11.38871
-6.16,2.38
12.49,27.7
2.74,-3.66
-0.98,-0.05
-2.27,1.49
-2.99,2.1
13.96,-33.5
-30.03955,9.59678
3.44,-1.16
5.11,0.17
-4.23,0.22
-0.99,-1.96
-1.39,-2.46
-37.55,-30.55
-9.9,2.04
-6.88,0.8
-0.31,-1.62
0.52,-1.1
-1.67445,-6.09185
-3.93,-1.16
-3.07676,-5.35441
3.84,-13.57
0.06,0.17
0.49,3.36
51.85,28.37
-2.65,-1.67
-2.0351,-1.11445
-4.68,3.52
0.68,-2.04
-17.76,13.98
0.72555,-3.38605
-2.26,-1.09
8.73,-4.93
-8.57,-12.91
-1.28,0.17
-14.49388,1.18873
-2.45,-8.71
-5.62141,0.073
-2.42691,-0.82513
-0.38822,-11.02043
-1.08,0.57
-13.52,-2.15
-2.90703,-7.5111
-3.63,-1.88
-2.2007,-7.2805
-3.06,5
-21.39,-18.12
-6.44,-29.73
5.95,-0.12
-1.79272,5.81486
-5.52,-2.33
0,1.87
1.37,0.85
-5.22,15.05
-2.94,-5.32
2.29,-4.81
-5.95,3.37
2.7,3.48
-1.02,0.68
4.3,0.41
-1.03,0.13
5.93,-6.32
14.91,4.88
5.07,12.84
6.32,3.4
-1.63,1.57
-1.94799,-6.86773
0.9205,-9.15926
-4.43321,-8.26221
-4.08,3.11
-7.07499,0.72675
3.09,10.24
2.67,-1.21
0.91,0.2
0.07,-2.65
-6.58,0.12
-14.1,0.78
-11.16,-9.85
6.96,7.79
-0.68,2.37
9.68,-9.2
-2.67,-16.07
-1.51,-2.21
0.75,2.06
-4.02,14.2
-7.14,2.67
0.61,0.14
20.63,3.7
-3.97,3.2
0.7766,0.92222
-8.03391,0.21839
1.18917,-1.57748
-0.24,-2.16
0.95,-6.35
-0.22,-6.33
1.58,-5.03
9.83,4.59
4.75,3.73
6.06,-1.39
1.04,-21.59
4.06636,-8.40217
-0.87,-3.93
0.56,1.05
2.11,7.51
-1.07591,-1.22263
-4.34406,-5.16934
-2.96,1.6
-1.12,-1.26
-3.94,2.68
-0.75,0.83
-0.88,10.91
-5.24,-4.71
-0.12134,6.28607
-2.97,4.72
-4.25,1.29
-1.26198,-0.87368
-6.8934,-2.63604
-5.65,0.32
-3.51,1.19
0.73,-2.68
9.65133,-4.42539
-0.64,-0.27
2.89,-7.01
35.52,1.14
-3.76,0.22
-3.9,0.1
-0.07,1.14
-2.67,-1.5
2.62,-4.9
-3.75526,-3.07684
1.17,1.99
-3.7,-3.45
-3.65,-1.07
5.73163,8.2962
0.12,-0.46
1.31,4.65
-2.76,11.2
1.77,8.94
7.26,2.24
0.39,-8.77
-3.82,3.53
-8.48061,-1.16276
-0.83,5.59
-6.38,-8.47
-0.39,11.06
1.79,-3.75
0.83,-4.57
22.18,-5.84
1.39,0.93
0.85,0.42
2.59678,1.72308
-1.36,-4.22
-1.92,3.08
0.09724,-5.10541
6.33693,3.72441
-2.04,-5.34
3.81,-0.66
-5.2908,-2.66947
-3.39714,9.70897
-8.97,-1.14
2.59225,-4.72445
-0.88,-0.78
-4.73261,0.50963
2.24,4.19
2.6,-0.58
0.27,-5.81
1.98322,1.78973
-8.02,-6.03
2.98511,-0.65525
9.67,14.64
4.49,10.12
-10.06,3.08
9.64,9.01
0.43585,17.55015
5.34,6.31
0.57,3.69
-13.38,4.49
4.22283,3.30052
17.77,3.35
-5.65,-0.78
3.93133,-6.89275
-2.29,1.14
9.44,0.32
4.04,-1.41
-4.65964,4.41691
1.74129,5.2727
-5.3209,-4.69196
2.13566,2.13566
2.84,-1.24
-12.84,-1.92
-0.62,0.53
9.19,0.63
-6.78354,7.3652
-3.24,-3.09
-12.25,9.76
-0.44,-2.52
8.91581,-8.28557
-3.5,-0.68
-9.17,-2.91
7.29246,7.00163
2.13,1.65
-14.10515,-2.13126
-0.33975,-5.04815
2.98,-5.51
-5.8,-3.8
-5.36,-3.12
-1.18917,1.77163
-0.18,-0.03
6.31,-0.75
2.96,-3.25
-3.9,-5.55
5.58,17.58
-3.77,4.55
-2.77,-12.23
5.8,3.52
7.46264,2.71322
-4.89,4.98
-6.8447,5.78023
-22.69171,11.96041
1.94,2.33
3.58,0.95
1.33439,-12.9391
3.6,-4.96
10.98,1.87
0,0
-9.22,2.43
-0.07,2.35
5.21793,-3.66451
-0.13,-1.55
-2.42671,-6.74721
-11.82164,3.27554
-5.46,-2.39
0.32,1.11
9.27,-1.8
-3.2,-0.68
22.45482,12.25025
-4.99957,-1.84436
-4.17,3.88
-3.99758,-2.15618
8.62,-4.49
17.63,-1.21
11.58,-4.26
-7.11,1.38
-3.29,0.12
8.52,-7.94
-1.43176,6.48024
-1.55,-2.07
0.21802,-8.16556
-12.79059,-15.02257
-4.88,-7.01
1.72,-1.29
-1.09209,-2.45117
-3.46945,13.18177
-6.23,0.71
0.31,-3.1
-10.25,30.21
-18.72,-1.58
-4.59,-4.15
-12.59886,3.17838
-1.45,-4.56
3.53,3.63
-9.43,-8.7
-1.38082,7.48695
-1.97,2.8
2.12,-3.53
17.71,14.9
6.72272,-4.92639
7.38,7.86
-4.19,-13.8
2.73,2.88
3.55,-7.59
-1.65015,6.94145
-9.68,10.46
0.53,-3.64
-8.58956,13.39892
-1.73,-0.87
4.98,0.41
18.25347,-3.84997
1.77,2.07
-2.12,0.06
0.07,7.04
-2.23264,-5.43646
1.04,0.36
16.09,-2.62
-2.76507,-10.87048
-9.02906,4.02816
2,2.53
-26.68,2.04
-4.39281,-0.6067
-5.64486,6.4688
4.41,-3.19
0.07,-0.9
0.95,-11.92
12.37,-11.84
3.04,3.53
3.83,-1.99
4.64,5.99
-2.25,5.97
5.0481,-2.32973
1.95,-9.06
-7.63,4.48
-18.07,6.31
-1.51,-6.52
-1.5,10.44
-6.55479,-1.23338
1.14,-12.7
-11.97307,0.50975
-4.19101,-7.68061
-3.34,0.6
-1.91717,-4.82967
4.39,-0.55
-3.4,1.21
3.79,2.14
44.14,-27.39
-14.5425,-0.60649
2.81023,-5.9602
-0.41,6.7
-0.41,-2.65
1.59,0.61
-6.02,-2.75
-0.12113,5.49989
-1.09,-2.46
0.02,0.23
-1.67169,1.23559
-2.62,1.32
-1.56,-0.58
8.21,-6.89
3.03355,-4.44128
-12.73134,24.45767
-1.65,-0.86
3.24637,-4.99095
-0.69,4.47
-6.25,-2.31
-6.86845,-4.14975
7.86,-8.35
2.16,9.33
-1.48,-0.83
-4.41,0.82
-34.65,-1.93
-0.94464,11.55914
5.81,0.56
12.3,-5.28
-1.62,-1.87
1.58,-21.35
-1.25,1.46
-1.69845,11.26323
1.87,0.77
-29.77,-2.49
0.51,-1.63
-11.84499,-7.42514
-1.11177,6.28475
6.44,-3.44
4.47408,-7.2803
-5.22,15.63
-7.96083,-4.1739
1.14,2.65
0.06,-0.29
1.94,1.79
-5.71789,2.76179
-14.1,3.18
-4.5,-1.05
1.29,-1.69
2.62,-0.63
6.90387,-11.02486
23.89,-20.04
1.9,0.49
-4.77,0.29
-1.71,-4.68
-4.42,-1.99
-5.66849,-10.03131
15.03,-1.29
1.1,1.13
-4.14,-10.38
8.04435,1.45348
9.57133,-0.46024
-0.24,-11.05
-4.63,-6.37
-8.56706,-7.93577
-7.01419,-4.54667
1.25,-1.93
2.20846,2.4997
-3.2,-9.26
-3.39,7.41
6.28,-1.11
12.84288,7.65437
0.45,0.06
3.07659,7.68072
0.3,0.06
4.97,0
-6.61254,13.10994
0.02423,-0.21805
4.07729,0.48536
-8.20234,10.19358
-2.01,0.51
-0.58244,-3.25208
4.26,-2.65
-1.31,3
2.95059,-4.35349
3.64,-1.36
-1.77,0.48
-6.05,-5.66
-1.11637,0.29123
-4.39,-2.79
6.93,8.1
-3.76,-10.27
-7.29,-4.18
-3.22779,-2.15991
-0.93,-1.03
7.57,-10
-12.26,4.44
-1.9415,-2.42689
-10.2,1.24
-10.29,1.39
-7.35,-3.41
-12.11,-5.2
5.05678,-0.24309
0.88,-0.19
0.58,-7.7
6.577,5.60599
2.09,3.01
-0.08,1.21
0.02,3.57
1.3567,-3.39188
-2.97,-4.91
-2.52,-0.44
7.68085,0.41182
0.18,1.96
1.95,0.08
1.37,-1.28
-2.67,4.42
0.97,-1.23
-0.07,-0.82
2.07,-1.34
2.76,2.28
0.84646,-5.29691
-1.98638,-8.72294
10.83,-2.9
-2.06991,-0.99842
-1.06,2.3
-3.47,-11.58
2.05,-2.34
-6.321,-3.54914
-5.10332,3.07149
1.50465,-3.00937
-5.05,2.57
-0.02427,-1.7231
-0.51,11.22
-6.50446,-2.66941
7.64482,-6.96504
23.47098,-9.77995
-2.23,0.53
1.58,-1.17
1.02,-1.8
-3.41,-4.24
-1.8,-0.88
0.67828,8.43215
6.38314,1.57737
-0.68,-6.84
3.13,1.63
8.24,0.15
3.37,-13.38
-3.44,-1.36
13.64,3.11
-3.91,-4.83
1.75,-11.72
5.99,-5.41
5.20894,4.33662
-1.07,-0.44
-1.11443,3.44034
1.50467,0.48538
-0.1456,-8.05819
-5.19,-4.85
-0.44,-3.64
3.08,1.41
-1.22,3.55
-8.77,-3.83
-3.37,6.14
8.64076,2.52365
-2.52,-1.52
-1.38,6.04
1.11633,4.17436
8.68,-6.59
6.2,-6.49
-3.89395,-2.44271
-25.38,6.78
0.7995,0.50877
-2.5,-1.46
5.71,0.02
-4.85,7.43
-3.53,3
2.41,-4.5
5.21,6.77
3.68877,5.29074
0.7,-12
9.7,7.66
-1.21134,-3.77954
3.27,2.45
-3.10646,1.35904
7.16,3.7
-10.43724,-4.56183
-5.96,-9.8
-2.93,1.5
-6.41793,6.41793
7.75355,0.58139
-10.63422,-13.98118
4.42,8.49
1.94,10.53
-0.12,-0.12
5.38,3
1.23,-1.79
-0.24,1.2
-4.46,3.77
-10.14,-0.95
3.43,5.2
-0.62,0.74
21.28394,-11.18652
1.84,-0.39
9.08424,-11.99381
7.22,0.02
0.83,0.58
5.36,-3.91
4.17388,-8.10649
-1.12,0.88
-8.62,4.15
2.33,1.5
8.74,2.7
-3.18,2.17
1.23965,-9.06906
-2.74,-0.87
2.48,0.65
0,4.08
0.22,1.21
0.67951,-3.64041
3.13,5.9
-13.83676,-8.35661
-10.8,0
-10.17,-20.36
2.18,23.95
-5.38,0.66
-3.17,3.41
7.99552,-5.23275
-2.29,3.65
1.07,5.05
0.77527,-1.84128
-1.18507,-3.74886
0.70498,-4.20582
10.92,21.6
1.02103,-1.94484
-7.11116,-4.44096
-2.97,0.24
2.33,5.53
-8.77903,-9.98907
5.18,1.48
9.72,-8.79
-0.39,0.08
-2.51,-0.9
1.8,1.41
-0.05,0.24
-6.54,-1.16
-1.98,0.43
4.49,-7.37
-1.82,1.24
5.74,-0.34
6.61393,-7.341
5.67863,-7.71787
3.86536,-3.57361
8.09,2.42
4.28,-1.53
0.22,9.77
0.5581,-9.29639
2.51072,-8.40319
4.72,4.72
2.72,0.5
1.74,18.72
-3.54,-1.78
-0.41186,1.67169
3.01,-3.45
-7.52,6.21
-7.11,-8.77
7.46,0.46
-4.11,-1.96
-7.54,1.63
6.73357,13.42513
7.78,-11.48
-13.28,-1.82
-2.03,1.78
2.34,-1.8
7.18,11.67
9.82,-14.74
-0.99,-1.48
-0.03,-0.68
-5.87249,9.46578
-0.6,1.13
-7.89785,-8.91591
0.12134,-0.99502
0.73,-2.27
-5.41,-0.02
1.51,-0.39
-1.67169,0.99332
-5,-9.17
10.67,13.06
9.88,15.54
0.16,1.31
9.75,0.22
-8.67996,0.26738
-5.34,-3.4
10.49,-4.85
0.9,-2.17
-3.14944,5.37864
1.66,-0.24
9.32,5.48
1.33,-9.64
-1.21,-0.01
5.99301,-12.93832
0.79,-0.68
2.92,1.41
-2.43,0.31
8.78,-11.02
18.86772,-5.74843
0.28,0.58
6.48,-6.09
5.88,9.73
-7.72,-0.32
1.09,-1.34
1.82,-0.17
-3.10007,-13.95951
-1.13864,4.86988
1.04,-5.07
-5.42,-6
7.48,0.34
-8.89824,-14.51477
11.3,-4.29
6.81,10.41
1.63,-14.42
2.97928,-11.65595
-0.1,-1.89
-2.24,-5.06
-1.4076,-1.06783
-0.08,2.07
-6.18,-0.73
-10.38,10.33
-5.77,9.84
1.24,6.77
-1.71706,6.60316
6.82,4.93
-1.52626,4.91833
7.60718,-8.47976
-0.28,-1.82
-1.28607,-8.81078
1.01,-1.3
-7.55,10.36
2.03,1.74
3.94,-1.64
13.98319,-2.16289
0.26,-0.35
0.72,-3.11
-0.9,2.17
10.58,-1.8
1.09,1.51
-4.65164,4.60318
-0.73,-5.24
1.77,-5.7
-10.58,3.15
0.12,0.46
0.41,0.66
3.73,-0.07
-9.43,-1.17
0.9,-5.99
23.4,-12.17
11.93,27.45
-4.95,20.69
0.31,3.11
-13.98036,-12.08835
-0.99,5.65
-8.74728,0.65405
-3.15,-2.82
-2.51,-6.9
6.929,6.929
5.07,4.2
0.86,-1.92
-8.18,-7.21
1.49,9.08
2.58,6.03
-16.94265,-5.35178
0.53,-4.19
-9.15924,-1.45343
-1.31051,-2.47544
-5.42,4.69
-5.06,5.83
-5.81047,2.11489
7.71831,0
-6.09,0.56
-0.19,3.9
-0.79,0.11
0.95,-7.97
7.29309,0.70253
14.52,-9.79
6.26,-10.1
-4.52287,1.08832
1.94,-1.6
0.24225,6.68726
0.7,-7.29
-17.03,4.38
7.49,-0.76
5.21,-11.12
-10.76451,4.03829
-0.82371,3.29497
1.9,-0.63
-2.44687,-5.1606
10.56491,3.82725
-2.42682,4.61121
-12.04332,-5.88608
-9.73,-17.12
6.48,-1.92
-1.94,-5.15
-4.3,-0.13
-7.69399,-1.77145
-3.87,-7.09
2.9365,3.85879
-0.19,-0.26
7.54,-3.51
4.33,-1.41
0.53,-0.8
-4.86,-5.74
-1.23764,-5.75204
5.52404,-2.81025
0.99328,-4.67604
-3.04,-3.82
-3.52507,-1.38566
7.09923,0.02423
-2.27709,8.52903
-0.12,0.51
11.48,8.8
8.51887,6.23672
-5.04814,-1.06778
1.60138,-11.45752
1.19,1.29
5.56726,-3.37902
1.31,3.83
-3.45,5.97
5.65473,-4.82943
-5.03,-3.17
11.96,22.12
2.01,-13.72
-13.91,-0.53
2.05,2.13
6.77,-9.88
-5.83,-0.05
-0.29072,-2.18047
-6.65,0.92
3.16281,4.17695
-0.24,-0.77
13.64,2.84
-2.08,0.62
1.05,0.73
-2.19,8.56
-0.07,0.96
-3.2933,16.91892
1.23557,3.60994
-0.19,2.48
5.66449,-3.71936
0.22,0.57
-5.94,6.58
-6.4,-4.31
-2.7,-4.89
-12.31,3.84
-0.44,1.55
-0.99,5.99
-0.87,-7.48
-11.26434,13.93235
16.48232,2.56689
-2.17646,-8.32081
-2.87,-3.55
14.68,-4.01
-5.07,7.79
10.37,24.52
-0.02,2.69
6.79,-8.35
-1.12,-4.17
2.04,0.61
-5.97024,-5.04783
1.99,0.68
-2.46,12.35
3.31,12.01
-8.81,1.82
3.59,0.87
1.48,0.16
3.59,5.05
-0.85085,3.03884
12.02,3.71
-1.04,1.28
0.97,-0.72
-2.71,-8.47
-10.18568,11.11022
1.79,-2.38
2.75,0.46
1.42,1.37
-1.48543,3.38495
4.27,-6.84
-0.48,-14.78
-5.19,-5.58
-2.4,-2.99
7.45,-4.39
0.99,3.02
0.34,10.73
-0.8735,-10.77758
0,-0.48
10.09735,4.22215
2.12,2.22
2.85793,13.57152
-2.04,-29.8
3.32488,1.67453
5.79,-1.75
3,-7.38
-4.56,-2.39
17.29,-4.32
-2.53,-16.93
13.14,0.63
-8.27559,-8.61553
5.93605,-0.26648
4.62664,-10.73447
4.56,-6.07
-2.87,0.06
-5.7,1.63
-2.39,3.02
-10.43762,0.38823
-0.91,-1.6
-1.36,-0.89
2.11,27.73
-14.15,3.32
1.78,-2.95
0,-0.24269
0.77391,-4.45031
-0.15,5.8
-4.93,-6.2
1.02,-3.8
3.04,-9.99
0.34,-2.23
0.68,-6.52
-5.98,-3.8
4.01,2.61
0.05,7.31
4.98,-4.15
3.18,0.7
-14.81,-5.47
0.19,0.89
1.27,5.02
1.1629,2.76194
-1.61,-2.44
-5.15,2.38
5.2422,3.73731
-5.59152,4.13265
-0.6,-1.12
2.12,1.13
-1.14,-0.46
0.68,-3.49
13.98273,-6.30816
3.70683,2.39847
-7.66764,-0.41111
2.38,9.32
-14.98,16.15
2.38,-15.25
-11.66251,-8.41154
3.66,-5.21
3.82796,2.76188
-0.45,-1.3
39.46,-21.89
11.07,1.36
2.97,0.83
12.13,-13.11
-4.2,6.48
-4.39,3.08
5.96,-5.38
1.77,0.18
-5.65957,4.35331
3.31,-0.26
-2.99894,4.78887
-7.04,2.65
7.14,1.31
3.74,-3.3
2.30549,-4.05298
-13.23,-6.38
-5.14,11.75
-9.95,-4.85
-4.68,3.81
1.54,1.48
8.29,0.7
2.8,4.94
-9.03058,5.89063
-6.39644,1.59889
-12.84,-6.92
-2.04,13.79
-4.29,1.61
0.84793,-4.38528
2.52,0.8
5.48,7.14
-0.38,-0.27
24.68,13.07
2.78,4.04
6.12961,-5.25723
-8.21,15.08
5.94,-3.32
1.69,0.15
7.47551,1.60159
-17.8,-9.58
6.55292,3.83429
1.53,-11.03
0.99,0.25
-3.54,6.88
1.46,-3.45
2.33,9.17
0.06,-0.05
2.26,-10.02
-4.93,3.23
0.92058,-5.71796
9.95,16.7
0.32,2.51
-4.93,0.46
-9.05932,-13.66673
4.12579,2.23269
0.1,5.15
6.22,1.07
-1.49734,4.54063
-8.69,5.92
1.35906,0.14561
1.81,-1.77
-0.4,0.35
-2.18,2.37
2.11,-3.15
-12.82,14.42
-0.07,1.29
-0.46,2.26
-3.3,-2.84
-1.07,-4.86
8.17,3.8
11.36,-6.55
4.83,2.21
-5.42146,1.62872
-4.40025,3.13598
1.50465,3.10645
6.74,-14.25
-3.24,-10.4
-15.61,11.23
-8.08,-7.26
0.76,3.54
6.84,-3.74
-3.19744,10.46803
-1.4,3.23
0.86,3.01
-0.16,-0.43
0.8,-0.85
9.14,7.05
-0.46,6.87
-9.98254,-6.97682
-4.5,-0.7
1.12,0.49
-3.05792,-0.3883
0.24269,0.33976
-8.42,-7.6
5.14,-6.16
-2.4669,3.72464
5.07,-4.43
3.78603,0.58244
-2.38,-2.38
-0.87,-5.05
-8.64,11.06
-7.0262,5.13597
1.53,13.16
-1.46,-2.39
0.99,-3.85
-6.19,-6.38
0.78,3.59
-2.82,0.95
-6.9,3.01
-2.95,1.3
1.07,9.86
2.79036,10.996
-9.61002,10.87294
-2.6,-4.45
3.13074,0.02427
-9.32724,10.15152
-5.64,-1.14
6.43157,-3.56734
1.94,3.73
-4.82,0.19
-17.39,16.9
8.79,-2.28
0.76,0.44
-3.49,0.05
-8.84,13.13
2.59138,14.51741
3.23,-7.79
-38.05,-11.23
-1.1,2.57
-3.43433,4.15997
-3.26,3.6
-1.94,-1.66
6.08,1.17
3.72,-2.36
40.87,-6.66
-11.37,-11.71
1.82,-8.07
-12.7176,4.01017
-2.08,-0.53
-0.01,-1.84
-0.53,-6.41
-12.33,2.02
3.47,3.86
0.24269,-0.92222
-2.61,-4.85
-1.36,0.11
-1.85,0.19
0.69,-0.39
1.54,3.12
-15.92,2.54
31.31,5.62
3.03,3.47
-0.36,4.69
0.49,0.18
-0.1,12.16
10.68,8.49
1.93,1.22
2.08,-10.13
-9.96,-5.89
-2.39825,-8.02006
-5.44,10.63
-0.27,-1.73
11.13,1.09
-5.22,-12.6
-4.09448,2.54382
-8.55313,-3.75483
-7.87674,6.95259
-1.73,-1.96
-3.11,-1.99
2.16,0.73
1.92,2.16
-5.39,7.86
1.36,13.35
-1.75,-1.51
6.94,-6.07
-3.64002,-7.81523
-5.39,15.1
7.96,-3.25
-1.48,-2.45
0.53388,-6.40744
15.19623,-4.33505
-0.24227,-2.32584
5.25748,-3.27058
-0.79,-1.66
-4.90989,-10.74692
-2.91,-0.39
-1.68,1.58
-1.78963,-6.04677
-10.29,-0.41
0.25,-0.58
-2.81027,5.23327
-0.8,-1.8
-0.46,4.01
24.6,-0.24
-1.19,11.4
1.5,-0.73
0.58,0.15
-2.99,-23.28
2.62,0.75
-13.13,3.4
4.80505,6.69846
-6.05331,1.98525
-4.12547,6.98982
6.1298,3.22207
-3.91,2.16
5.05,0.1
-5.48482,-4.85371
2.17,0.86
-10.83348,-14.32013
3.28,12.7
-4.40015,4.74054
7.33,15.2
-1.07,-2.81
-1.28,-5.16
2.73301,-0.55626
2.07978,-7.3047
1,-1.38
3.35,4.52
-1.62,1.07
-4.78,2.21
0.78,0.1
-8.83441,6.55218
2.2,-9.77
-1.6,2.85
8.47,-4.83
-2.65,14.42
-0.75,-3.67
7.04,-2.86
-3.00411,4.65174
-6.35782,9.75703
-11.92,-0.15
5.24,-4.9
3.93,5.53
5.73,-3.06
-5.18458,5.7177
16.54,-4.42
-10.73,-10.39
-7.31,6.43
5.54,1.86
-9.741,0.58136
-3.99755,-2.93146
3.28921,4.15998
-1.55,-9.01
0,-0.15
-0.42,3.84
-7.65,4.05
-0.07,2.31
-0.77,-9.65
9.82,-0.39
1.94,-3.31
0.73,1.6
-5.28,-16.54
0.89,-1.69
3.94842,-10.24977
7.24,18.53
0.09707,-2.28129
-10.02,-0.75
3.11,5.34
-7.47,14.47
-7.14771,3.74355
-0.41,2.11
5.04814,0.92218
5.19366,3.5917
-5.87563,-13.28126
-2.84426,4.30301
41.94,-6.97
1.18,-0.52
-0.5,0.96
5.91,3.09
-2.46661,8.99825
-1.19,-2.31
8.59139,-7.7173
-1.09,-9.3
-6.88011,9.11003
-7.17175,3.77921
0.64,0.53
-1.21066,18.13256
-6.17,5.88
3.43,-0.46
7.03,3.05
0.24268,3.88312
1.84,0.19
-1.71,0.28
15.51,-9.39
0.53,-10.55
-3.97,-10.5
0.96,3.16
-4.18,-0.49
3.72,-0.95
-13.11,-8.87
1.7,0.15
-7.86,-10.45
0.73,-0.79
-12.42,-8.34
-0.97,0.4
-3.13,-1.19
-1.6,-4.66
4.55,-1
-1.8,-6.66
-0.14,-1.05
6.92,-4.39
-2.88,3.8
-7.33,-1.63
-4.46,8.87
-12.33,-45.2
-2.51888,-13.23206
-3.43,0.07
1.6,7.04
-2.61,0.17
-2.63,-1.38
-0.09,-1.02
0.5,-0.15
-6.4,-1.8
-0.67953,-1.60175
2.46694,-2.12833
13.06027,9.71382
-6.02,-0.19
-2.43,-11.79
2.26,0.36
1.65,-1.42
1.97,-2.84
9.5756,-9.62411
-3.6,-0.54
-2.04,-1.46
3.23,0.46
-0.50786,-6.31289
0.14561,0.67953
2.08,1.33
4.23,-2.43
-1.67,0.26
-5.48,5.53
-0.97,-3.26
2.11138,-2.74239
-10.57,-5.26
18.02,2.86
0.68,2.87
-0.1,-7.06
0.41,-1.24
3.37962,9.94884
1.72309,-1.62601
-4.33,-10.13
7.57,5.97
1.43,7.16
-8.43,-7.5
2.31,-1.25
12.29,-2.79
-0.66,-0.17
-1.45,-2.43
-5.52,-0.85
7.19608,2.54366
0.72,-1.44
8.34,5.91
-2.22,-0.95
13.2,-14.81
-0.9,0.65
-5.50858,8.71322
6.69,6.98
5.38,-4.82
2.69,-12.79
1.34,-10.11
-0.24,-3.59
-0.87,-0.24
-3.21,6.47
1.68,-2.85
8.84,-2.17
15.8,-43.45
-8.61649,2.35379
-2.56,-1.96
0.85,-1.38
-3.02,6.63
8.55,2.85
-3.57,-5.28
6.96606,-0.19347
-11.21929,4.72345
-1.36,7.66
-2.56,1.94
6.347,9.40099
0.65525,-2.25702
2.5148,-10.93411
2.28,1.4
3.43,-5.7
-7.35,-8.08
-0.9,-7.11
13.57,-5.99
6.3,4.25
-1.82014,3.42196
7.2,-4.13
-5.51,5.36
2.26,-0.7
1.46,1.99
5.88751,-2.83446
-0.26696,0.46111
-4.08709,-7.4255
-8.37,3.46
2.1312,14.68724
4.35,0.42
4.42,0.88
9.81323,-5.35359
-2.95,0.61
9.34,-2.98
-3.54,-1.31
2.79,-16.78
-13.08511,8.28422
-3.03,-1.48
7.81,8.25
7.89,-6.96
-3.15,2.82
-3.5432,4.51407
6.49,5.03
8.67,-2.21
21.54,14.97
-0.36,3.61
-11.72,17.94
-1.04,0.75
-2.22123,-2.75242
-0.75,-14.08
-2,-7.31
-28.17934,-15.78103
-4.15,2.69
1.31,0.15
-3.95,9.17
-6.58,3.91
10.29841,-2.64031
2.43,-4.03
0.8,8.06
6.49337,1.45353
-0.23,4.68
-7.69,5.12
-0.50964,-1.43187
6.62,-9.49
-11.95,6.47
-0.55818,1.96579
7.65,-4.59
-6.9,3.35
7.23,3.58
-0.95,-0.41
-7.85,-4.65
-3.94833,-10.83155
-0.72,-1.53
2.25,-4.62
-7.8,-4.79
2.15993,2.06285
4.75682,2.71804
3.15,-1.88
0.82369,-4.79719
-0.2176,-13.66942
-6.16,-19.85
-2.5,13.33
-8.64,8.35
6.99003,0.4368
-3.33,-2.26
4.04503,-12.04371
-1.05,-0.56
-12.67,1.24
5.86,-1.73
-0.37,0.29
-0.9,12.31
4.38,3.65
-2.1,-1.18
-11.52759,-11.77051
4.84563,1.79275
39.26,-24.79
0.32,5.28
-6.63,4.34
-3.37,-1.57
-7.83,0.49
-0.28,0.01
-2.36,-5.47
-5.98,-2.72
-0.87364,4.9996
-7.71,2.07
-2.23,-8.01
71.51,14.95
4.89,3.18
1.68,1.46
-3.49,2.24
3.76,5.36
5.16,0.49
0.46111,1.33479
-0.05,4.27
-5.48,-0.61
-4.77284,3.80363
1.36,0.78
3.55,10.6
0.32,-2.41
-0.75105,0.46032
-1.19,8.62
-3.25,5.72
-3.41611,-0.70258
-8.65,0.17
12.21,2.55
12.69,-7.19
-3.03,-7.01
8.63,7.66
-5.96,-7.12
-2.6,1.34
-3.41,5.95
-4.67601,-2.20462
-4.33,1.32
7.29,-2.43
2.37007,-5.80484
-6.36108,4.23232
3.72,13.16
-2.38,10.46
4.38,8.75
-0.44,2.63
0.8,6.78
-0.85,6.32
-4.20554,6.15074
-7.64661,-2.40277
4.97,-0.8
-4.38,-4.86
-5.73,0.92
-2.20452,-6.71144
6.71,0.49
25.68499,-6.31641
-3.36745,5.88747
-2.26,-0.51
7.37,-0.73
3.28,-0.27
10.44,-3.98
0.87,-1.6
0.72,-0.79
0.19414,4.17437
-1.69,1.51
2.43,-1.33
-0.12134,-2.3541
-1.3,3.68
2.21,-0.46
2.19,0.66
-7.72,-11.5
-1.26,5.3
3.99,7.81
11.13,13.52
-9.35,-8.62
2.22,0.13
-2.8,-4.25
-3.18,6.48
-2.38,3.49
0.93,-4.14
-4.65054,12.45578
1.34,0.62
3.79,-0.29
4.99951,-3.2034
-0.44,1.12
-1,-3.33
-0.02,3.09
-20.54,-10.19
5.36,-3.86
-10.29,-5.53
-2.31,12.77
-0.82,-2.57
5.49,-0.83
5.75202,1.91714
0.89791,4.82969
25.6,-24.62
-19.49,11.38
-2.5663,-20.02577
-4.198,-9.24755
5.15173,2.49103
-6.73,-6.15
-7.85,1.99
0.08,1.38
-0.07281,-1.96579
3.21472,7.35604
-0.59,-0.77
-10.87,4.06
-4.32,-5.63
19.88415,-13.02717
5.02,-5.51
5.17,8.06
-2.21,7.8
2.81,6.59
-1.58,1.26
-2.5,-3.76
-1.87,2.99
-1.50465,-3.30061
3.35,1.54
-7.34156,0.70252
2.93623,-8.13089
1.19,2.41
8.17,0.8
24.22,6.47
-1.53,4.51
1.32,0.64
-10.72,-5.18
-3.36766,-0.21804
-2.16,-2.79
12.3,4.63
-1.8,2.39
-5.80016,-6.57697
-0.85,0.01
-11.38,12.84
-5.66924,5.18459
-6.37,1.94
-1.89,-1.6
-4.43,1.51
-2.94,0.27
-0.99,-3.31
-2.34992,6.03292
-6.26177,-1.74724
-0.03,-3.47
-0.31548,-5.41223
5.25751,-2.59222
8.58256,-2.74675
-0.22,3.32
-28.22,-4.13
2.47,-13.77
0.3883,0.92222
-2.21,0.46
2.68925,-1.33249
1.71,0.65
-1.55,-8.5
-2.9,-1.97
4.73,5.12
1.21,-11.7
-9.6331,13.71422
-2.45102,-6.04327
5.63064,-2.28116
8.30934,-10.53965
2.9902,1.72602
4.38,4.33
3.31,2.14
-16.46,-4.96
1.87,-2.31
-5.53,0.58
-4.9,0.77
-16.8,15.58
1.50467,1.45613
-1.52,1.16
2.37835,-2.18419
-1.82,6.15
-2.4,1.23
11.27,2.06
0.1,-0.02
-1.11636,2.18421
-2.52391,-4.22286
10.01,11.56
-0.58,-12.14
18.13221,-3.48677
-7.3,9.83
-14.52,5.71
-1.25981,-2.51966
6.15408,-2.37414
-2.8,7.95
7.13459,-8.05402
-3.06,3.24
9.27,-13.2
4.96,-1.99
-7.25706,0.02427
-7.07,-5.37
-1.38,13.42
-2.15988,-4.15007
-10.34,-10.39
-0.85,-2.52
-5.11215,2.2046
5.33025,1.40512
6.56478,4.52957
2.6,3.14
-4.95095,3.54318
-2.17,-2.32
-12.47783,10.97427
1.03,0.14
-1.89,-3.49
7.53,-4.07
-5.75,5.31
-3.57954,-1.59622
-4.26,2.95
2.17671,-2.07996
-1.09,1.47
5.84,0.14
-6.47965,7.30507
-7.9,3.44
-10.00042,2.57207
-9.01,-2.23
5.99,1.67
-2.45,2.28
-5.87,-3.14
2.52,-1.33
2.67,3.55
-1.8,-1.26
0.75,1.73
-2.06,4.73
5.12092,-2.20838
1.9,-1.04
1.88973,1.74436
-6.10539,-5.13608
-9.25,2.21
3.91,8.05
3.01,0.76
4.95,-4.17
2.79,-5.56
0.48538,-0.3883
1.50701,9.43387
0.48455,-0.19382
-16.28307,-13.56532
2.39,-13.45
-4.64,8.83
-0.5,0.72
-2.97,-4.47
2.39,-0.78
1.38,0.21
-0.07,-0.48
0.32,2.88
-3.92493,-0.04845
-1.74387,12.79566
-24.47,27.06
-6.17,7.29
0.4,-0.8
3.1001,-13.7655
2.16356,-4.64342
13.01,-5.43
0.49,3.88
-9.72,1.28
-1.39,-3.78
2.86,-5.97
7.35,-3.28
-5.75,6.33
-0.06,-2.57
-10.33385,0.55903
3.57,-1.48
-7.87,8.6
4.83,10.41
-1.07,1.42
0.24269,1.7959
-0.66,0.51
0.39,10.36
-6.22644,-5.98411
5.13,-7.27
2.11,-11.99
-4.7,-3
5.48,-8.88
2.37835,-2.03858
-8.11,-1.55
-1,-3.14
-2.03511,-0.04845
-5.07,-0.59
-1.29,-4.16
-2.64532,-1.91723
-1.89,0.31
1.95,-0.5
-0.58,0.83
5.63,-0.44
12.2,14.2
-7.42699,0.2912
0.94,-0.29
-0.83,-0.73
-5.61,11.14
-1.26,-7.49
-1.99,-4.67
5.4,-8.95
14.71,15
-6.93,-5.81
1.23771,1.57748
-1.12,4.13
9.01,-3.8
2.16,-1.43
5.11,-6.52
3.11,2.09
-3.57,-17.17
-2.65,1.28
-0.11,-5.21
7.52,-7.33
-1.05,2.52
4.25,-1.09
7.18396,-4.65937
11.45,4.84
-15.80602,0.84904
5.11,-2.4
-1.44,-0.05
-5.19,-6.7
9.98,-0.68
2.79,7.01
6.8,3.51
-1.44,-1.13
-27.13,17.92
5.1,-0.44
1.09207,-4.05301
-2.69,-0.27
1.56,0.68
1.32,0.82
-48.07,2.04
-3.41602,3.99753
2.18417,3.44622
15.21903,-0.36264
-3.77,-0.05
-0.91,-0.71
0.44,-0.19
-1.62,2.36
2.24,-0.15
8.74,-2.23
-6.78,-10.67
-1.75,-14.06
-0.26696,0.36403
7.32,-0.44
-6,4.59
9.95198,-0.14559
4.61,1.12
-2.94154,3.33053
-5.87,6.5
2.47068,10.95295
8.39,-4.11
-1.87,-0.56
-16.95,-7.04
-1.26,2.82
5.69,2.82
26.9,-0.12
-10.6,3.69
-13.06011,-10.05308
-4.97506,5.55763
2.32542,10.08027
5.2482,-6.07069
-3.53099,-5.46612
-14.39565,2.00668
1.86546,3.99759
-10.67,-4.59
1.94,-5.69
-3.11,-2.14
11.82,2.48
1.75,-2.62
-0.41,6.15
-6.97803,1.50197
-5.55777,3.13056
0.97,-4.18
0.25,7.27
0.2,-3.22
-4.77,4.24
2.19,4.97
-1.97,3.23
-3.49466,4.51407
5.87,0
-8.23,-7.06
-9.3,-2.29
-3.55,-2.72
-0.82,-1.74
0.32,0.41
0.54,1.85
-2.33,-7.68
-7.59,-3.69
15.17,17.45
38.84,29.47
-11.02567,-2.54334
1.66,-5.07
-20.32,15.18
1.74424,6.54183
-1.24,-4.6
-1.47,-1.14
-0.41257,-0.50965
-2.09,-0.02
4.11871,-2.51959
-0.07,-11.4
-9.08,-4.9
-0.28,0.23
6.45598,-0.92215
-0.66,8.63
5.53357,1.69874
0.09691,-0.62991
-2.79,3.08
1.91,1.77
-2.16,0.73
-11.18439,6.56284
0.83,-1.63
6.26,-5.44
0.94318,5.92584
-1.09,5.46
1.57,-2.03
4.52,-9.87
-0.55816,4.97533
10.34,29.5
0.32,-1.87
2.16,2.06
5.09667,-1.45607
2.18,-2.14
-0.12,-1.33
1.1,0.43
-7.21,-10.37
9.74,-11.06
2.99,2.94
2.13201,1.35672
4.29515,8.71341
-0.75,-1.09
-16.47,-21.53
-0.19,-4.46
-4.29,-10.83
0.88,-0.14
5.22,-5.22
-11.73,-1.99
0.95,-1.97
-0.07,-0.21
-21.38,-7.94
-2.28,18.28
-2.84434,-1.14257
3.12484,9.76508
2.02,3.57
-2.96,-0.83
4.85,-2.62
-3.07163,-0.60463
-2.84,-4.4
7.48,18
1.25937,14.25074
-1.8,1.7
-0.87,-7.03
3.78,0.31
2.54329,-11.55902
1.82325,-3.33056
1.84403,-11.26322
-2.75914,4.84087
1.21,-8.79
1.49,-0.87
-6.83,3.57
8.13966,10.70938
0.24,3.31
-3.34109,-19.87994
3.51,0.97
3.3,-2.04
-21.49,13.34
10.00739,3.8031
7.23,-1.7
13.959,-5.47376
-3.79,-4.56
-4.25,-0.99
-3.53118,0.43533
-3.14949,4.4579
6.03,-6.13
-0.26692,-9.15072
1.83,-0.46
1.55021,11.14696
-1.87,-2.21
-2.1114,-0.65525
3.18,1.39
1.61679,17.36871
1.28394,-6.80841
5.73,-4.9
2.92,-0.83
-0.7,-1.06
0.24,0.34
-0.82502,9.17499
0,-1.8
0.50787,-5.82909
4.93,-3.91
-2.89,-0.17
0.25,-3.76
5.1,8.06
-5.69,-5.54
-1.26197,-2.47544
2.57,5.19
-6.04536,3.95712
-7.74203,6.33395
1.87171,7.65851
-2.3,1.72
-1.08,0.5
-6.38,-7.11
-6.38,8.77
-1.83,5.43
1.18,-0.47
0.77525,3.82801
-10.09754,-2.66912
-2.67,2.2
-1.53,6.24
48.86,-17.41
-2.82,-1.27
3.2,-2.02
-0.55,-0.79
-5.21,-3.46
-3.0336,3.13068
-5.02,0.85
0.1,10.55
-1.8897,3.29495
0.64,-0.34
-3.72,0.07
9.886,5.03863
-1.33248,3.07691
2.93656,1.96576
-16.36,5.48
-10.6066,7.30416
-5.14,7.33
-10.49817,-4.93312
0.39,2.43
-12.64,0.1
-5.14523,1.16485
4.03,7.77
-3.63417,-0.58144
6.31,-0.39
-0.92,-1.43
0.4831,-26.88059
6.19191,-1.83799
0.50877,-0.41186
-2.58,7.21
12.01,6.47
-9.7127,7.08259
-0.29,-6.16
9.23411,4.72506
5.18,-12.33
-0.44,-3.49
-5.41,-2.45
-0.51,0.26
-5.1,8.4
-2.5,-5.32
-0.533,-1.40519
0.65,-0.68
-1.48,-3.63
7.55684,-14.54035
-7.38997,-2.25294
-5.47558,2.81025
0.85,10.22
-3.01,3.31
5.32,-1.82
7.85,1.77
0.68,-5.39
1.5,-7.72
-2.57,0.87
-2.78138,-1.3302
7.37,-4.01
6.75,-3.58
1.67453,2.83948
-3.11,1.56
-1.67,2.92
-11.16,3.36
17.77,29.05
0.22,10.56
1.74128,5.41784
1.77,6.57
3.49,12.72
-11.81527,10.89063
0.19,-2.48
4.58698,0.46109
-5.88,-4.4
-0.22,2.84
-6.38,9.59
4.25,-8.91
-2.09,0.08
1.29,0.4
-0.27,-1.34
-2.03,1.62
10.0248,-1.09191
0.81,-1.6
1.23771,1.91725
2.77,-2.62
2.68926,0.12113
5.06288,9.71633
0.67948,-6.60163
-1,-4.46
-3.70683,2.15619
0.55627,-0.79813
0.1,1.7
-1.63,-4.25
3.23,-0.18
-3.15491,-4.12576
-0.44,-0.92
39.38,-16.25
-12.11,9.72
-10.59,6.66
-3.48,0.76
-10.67,-3.17
3.65,4.32
1.14,-3.33
-1.34,-4.7
-1.25982,-1.35673
5.97341,8.78003
0.05,1.22
-0.41,-0.51
-0.04,-0.17
-0.51,-0.38
-7.01,11.29
-3.22,7.29
-0.3876,-7.12346
5.4,0.34
-3.91,-1.43
-1.09,-1.67
2.24,-4.77
6.92,11.48
-21.08,17.25
-4.83,-0.7
2.48,-1.36
-2.98,-0.46
4.77267,5.93581
28.97,-22.29
-7.77742,-5.20856
-12.72256,-4.33558
-8.79,11.81
-2.08,-12.7
4.84,-0.12
5.86315,4.50616
-8.21,4.14
-0.42,-1.9
3.98694,-3.11169
3.28,-1.24
5.75,0.15
1.22,-3.4
-5.88,-5.3
2.72,-3.89
8.78501,-9.8535
-10.75912,-0.29067
-0.27,3.21
4.90971,4.61943
-3.38,5.76
2.01399,-9.68481
6.9409,-8.87661
-23.15913,0.41147
0.46,2.07
-10.55,-3.65
8,4.41
6.94,-2.46
8.89764,-8.70305
-2.23641,-6.32108
2.14878,3.64579
7.67849,-13.15808
-6.84,-6.06
-9.22,-0.46
-3.6,0.78
9.38,1.91
-2.89,4.49
5.27,-4.59
-2.36,5.28
5.44,1.49
5.24,-13.25
-1.31046,-4.99959
-12.18,1
-1.89,1.7
-1.69527,-14.63878
-1.1,-2.56
1.95,2.82
0.45,-1.54
-0.74,-0.89
7.2931,0.46028
-7.0384,-3.88278
5.21,0.35
-0.24,-3.31
-1.53,-0.01
10.87,6
-1.05,1.24
-0.1,0.36
-3.78,7.39
-6.35,-2.03
3.12,0.48
3.95712,6.04536
-2.53,-0.88
6.36,-5.78
-1.82,-2.37
-2.84,7.61
3.46,3.51
-17.88789,-7.94293
36.41,9.18
-2.29,0.29
-8.21,4.19
7.46,6.93
4.47,8.02
2.35001,-3.75528
-2.20456,5.98447
10.24,-20.3
1.82,8.37
-2.25306,5.01523
11.23675,-19.05064
-3.57,-2.41
-6.17524,-0.68064
0.83,1.06
1.64,-0.21
0.34,3.06
0.66,5.51
6.07,5.73
1.18914,4.3928
4,6.2
-10.71995,-15.95473
-0.56,-0.7
-12.33,-11.21
3.41605,-3.41605
20.82,-0.19
-2.01087,-1.47786
-6.29,4.15
5.97,-3.25
-10.34,-0.05
-1.96,-6.75
3.71,1.14
-0.87,-1.83
8.42,-4.93
10.04,-0.27
-1.02,-0.36
12.02,-3.84
10.35,-32.55
4.21,13.42
3.91,-5.62
-0.05,-18.89
1.45359,4.55488
-6.83211,-6.6867
15.22091,-8.41889
-6.05,-0.66
-5.23,-12.28
4.04588,5.20896
-3.08,-3.47
-4.81,-2.62
3.73031,10.90431
3.26508,2.78133
-10.92,-12.96
-2.45,1.09
-3.33,-6.15
-0.75,0.18
0.66,0
-6.48,-0.07
-2.48,-5.92
0.1,-6.84
-1.15,-1.86
5.05,-2.14
4.55,1.05
-8.12,2.38
-5.39,-1.46
4.83,0
-8.05,2.46
-1.59901,-0.533
3.74,-8.07
4.56,8.83
0.82373,-0.82373
-4.67,-9.73
-2.84,-4.15
-9.48,1.6
9.05095,12.84011
-1.06782,1.89298
1.58,6.05
4.37,-5.29
-7.19,15.71
6.62562,4.97494
13.98192,-9.13187
5.85,-8.57
6.62,1.61
2.93062,13.35326
2.38,18.58
-7.99456,9.7399
4.50636,3.14949
-7.07,2.55
0.24269,0.33976
0.07,-0.56
3.82,3.48
-11.79756,13.88355
-5.71,12.47
-6.14,8.47
31.43,-2.83
5.20741,-13.59531
3.35,-4.33
6.27,-6.03
0.88,-9.48
-3.79,2.72
1.43,1.17
2.01,0.46
13.08,2.97
-1.94,3.54
1.73,2.5
5.8,-3.62
31.75,22.48
1.29,-1.03
-0.32,0.71
10.28,-7.38
-0.29,11.16
-2.04,0.24
-3.94,-1.71
-34.4501,-4.32782
1.06778,-5.38795
-7.73805,12.57873
1.1,2.74
0.21873,-13.00995
-13.35181,-3.49369
-4.99103,1.0175
0.27,-0.39
-5.61,1.63
2.96,-3.83
2.24,-2.72
-4.66717,8.46075
1.62,2.43
-10.86,-7.36
-2.53,7.2
4.64,7.4
7.85,11.5
10.79,-10.45
-5.16,-0.97
2.10746,-9.42583
6.9,11.88
-4.82,4.09
2.18,4.22
-8.79,-4.66
-3.6,-1.65
-5.79,10.8
18.59,4.01
-0.8,-5.96
9.87,6.03
2.08,-0.39
-21.91,-3.26
-0.65,-0.85
-4.97,9.91
-0.56,-4.05
-2.51966,-1.11444
-3.01,0.83
0.31,0.21
2.06285,-2.11139
-2.37,2.87
8.61121,-0.91893
1.92,1.64
-2.84,4.2
-3.64775,-1.70222
38.23,-21.55
1.63,0.84
-7.21,-1.11
4.83,-8.32
0.75,3.28
1.31,0.33
5.53816,32.35343
-5.68,3.3
-8.76,-3.76
1.7472,-7.23275
1.54,1.82
-0.68,7.39
-2.71,2.4
-7.7,3.31
-0.85,-3.77
-1.34,2.17
-2.48,5.99
-0.68,4.91
-1.83,2.21
-5.3,1.26
1.83,1.94
-0.71,12.74
-3.15,2.66
5.84891,-4.82941
-15.2,-2.79
4.59,7.85
-1.82,-6.63
3.29,4.75
4.55,1.14
-0.7,-6.59
3.83371,11.26299
-7.26,0.07
-5.45,-1.39
3.78,-15.78
8.43,1.56
-6.71138,3.02822
5.83557,-18.54408
7.31,-0.02
3.32487,2.11137
-17.68,-5.03
6.7,3.74
0.66,-4.21
-4.76,3.21
0.19415,0.82514
0.37,-0.3
2.6,-0.41
-17.09244,-7.47168
-0.78,2.57
8.3,1.44
6.24,2.11
7.39,-1.56
-5.87339,-1.7958
0.41,-1.26
17.43,8.68
1.35906,0
-6.24,0.8
1.98,-3.21
37.25,-3.7
-0.14561,-1.99006
3.91,-10.85
1.06596,-4.84565
-9.58718,-5.84819
1.09,7.54
-0.50877,-2.6408
-3.71309,4.44125
-1.63,-13.32
5.52401,3.34325
-2.76668,1.50465
10.94583,-9.48862
0.27,2.65
4.77,-0.88
8.67,-6.43
6.38,-11.53
-12.50249,-10.07757
-0.45,0.4
4.52,-3.6
-5.62,-1.92
1.67,2.84
-6.93,3.48
-7.46,-1.43
-0.58,-3.21
24.35,-1.45
-1.4,-1.56
5.88,0.15
3.91,-4.55
2.98501,4.44128
1.06963,-3.45214
8.26,-13.06088
-0.36403,-2.93657
11.79,-11.84
-5.77,-1.05
-5.65,4.93
-7.56,-5.62
-1.91396,1.76859
-8.71,-9.05
0.52,-2.84
-2.97,-6.48
-2.43,1.17
4.78,-9.93
0.89,-0.38
-0.1,-4.91
0.95,12.01
-3.19787,5.71787
10.86,-5.86
-4.23013,1.021
-3.27069,-2.93149
0.34088,-8.91401
0.83,1.44
-0.39,-1.05
0.46,0.61
-24.09834,-5.38244
6.77,0.27
-2.13564,-3.20352
8.04,18.85
-4.44,6.14
1.13627,-15.0737
1.29,2.12
-0.12,-1.31
7.34,-4.91
0.27,-2.47
1.14,-1.14
-2.51529,3.14415
6.89,2.18
2.96083,-1.45611
1.9,-11.95
3.73,-7.53
-1.29,-6.65
1.50465,2.71814
2.62,4.7
4.24,-5.02
-1.43,5.56
6.41,-25.05
-0.64,-1.05
3.3,-6.21
-3.19255,1.306
-7.05,-6.27
11.65,-3.69
-1.31,-0.68
-2.72,1.99
6.83,-2.41
-2.94,11.53
-2.96,-4.37
7.72,-22.53
1.09,3.79
-4.92678,0.84937
-5.98,-2.43
0.7,-1.89
-7.23,-4.13
-2.11,-4.01
1.61,3.85
0.31,-0.54
6.42,-0.92
16.03,-1.87
-1.72,1.19
11.8,7.04
0.08,-1.7
7.01,-10.33
4.95772,7.90924
4.81,-4.03
3.08208,-4.53836
6.73,-10.24
-2.59233,-1.9624
2.44,-1.08
-0.95,-6.92
-1.21,3.25
-13.03,8.07
-3.69,9.61
8.17929,-4.39229
8.45,1.31
-6.29,0.9
-0.46,-3.47
-1,0.41
1.99,1.7
-4.52,0.97
0.04844,13.08671
13.89,-5.64
3.82,-0.51
-2.6,1.66
-0.47,0.92
-1.05,0.54
8.81,-1.36
-11.02041,-1.11613
0.77524,-4.79719
11.6318,-2.03462
5.53,2.67
-2.29,3.51
5.97,-4.51
4.04,0.13
-0.41,1.98
-8.26,-2.98
-2.64077,-2.64077
-0.533,0.533
-3.24,0.48
6.54,0.32
10.53,12.52
-19.75,-7.92
-2.06,8.37
0.56,-1.09
-16.73,0.24
-1.04,-0.01
-33.95,3.84
3.77,-0.75
-0.61,-4.06
0.91,-2.09
-1.29,-9.12
27.73,2.59
2.4,-1.3
4.58,0.76
-0.42,-1.46
4.72,-3.84
1.57716,10.80183
7.92,-9.48
7.88539,-0.19346
-1.46,1.41
2.7376,-5.0152
4.56199,9.41745
2.35406,-3.1307
1.22,-1.17
-2.55,-11.43
3.90734,2.6938
3.7,-5.65
-0.87,3.4
2.37,0.23
-4.92,-3.8
-1.11446,-1.01755
-0.67,1.56
-0.22,-0.85
1.87,-9.21
0.04,0.71
-1.86547,3.56147
6.8,2.91
-3.03,2.68
2.10404,-5.82904
-6.20195,-7.70456
2.75,7.04
3.43,1.29
8.5,-0.75
-1.9172,-4.05299
-0.34,-6.32
-6.58,1.82
5.49,1.56
-16.37,3.51
-8.44,9.02
16.44,-0.12
4.76,-8.51
-1.92,0.22
-52.16,18.24
-10.01,8.64
-5.23334,-0.87214
-13.18,-4.88
-2.38,0.97
0.66,1.57
-0.24302,-4.81218
-1.55,-0.09
-2.26,7.01
-2.34998,-4.62754
0.75,0.8
6.84,5.14
2.82,-5.35
-8.78031,-4.23204
-1.68,-0.81
0.97232,-7.34242
-26.11,18.62
5.83,4.62
3.24578,-11.29226
-4.80529,-4.07712
2.85,-3.92
-4.92678,0.89791
-1.31,4.96
-9.89,1.09
1.05,0.56
8.61,-7.73
0.51,-4.25
0.82,0.05
-7.74,-4.77
4.78,0.69
-17.42,-3.3
-4.6,-2.71
9.14,53.18
21.8,14.41
4.55,13.57
0.09708,-0.19415
4.8,-7.77
-12.22,-3.7
-5.62,9.94
4.78101,4.14993
5.46,-4.3
4.23873,12.5286
-8.49518,0.82504
-1.77,-4.98
0.46,-10.51
0.88,-1.6
0.53281,14.29928
-9.15,6.09
3.81,0.51
0.15,0.26
-10.4858,-4.56182
-1.8,3.21
-1.02,-3.89
7.07,4.16
-2.42274,-1.74436
-5.48,8.79
-2.36,1.54
-7.39,-8.65
-31.16,29.36
11.87,7.97
9.28,1.24
1.4,0.17
-0.5,-1.47
-9.85946,-12.52683
3.86,-13.59
0.73,2.81
3.43,-0.95
0.41185,4.19145
2.96,1.26
0.49,2.06
-2.52393,-3.59183
-4.94,-2.41
-2.35,-10.7
-14.56667,2.28043
10.47,-12.12
9.12624,3.49427
-3.15,5.48
-5.67896,-5.24203
-1.89,-3.74
-51.36,24.49
6.88098,3.3916
-3.08,-15.51
0.17,-8.96
1.55321,-1.35905
-5.12,-6.63
4.85,1.92
4.13,0.23
-16.75354,3.29899
-10.63,6.15
9.442,-2.11107
2.10777,2.35005
-1.51,0.05
6.09,7.5
-0.97,1.26
-0.59,2.12
-3.28,0.66
-2.67,6.02
0.88,-3.01
-4.11829,-8.04414
1.04176,3.12537
2.27,-1.77
-0.95,5.99
12.35878,4.699
-1.48,-0.46
-6.7,-0.58
-6.43172,-0.0728
4.17,1.98
-6.88,3.22
7.76,-6.49
5.54,-0.1
14.83,-0.66
-7.59612,7.74179
8.90765,4.14951
-0.22,2.5
-8.52,-3.76
16.15,-6.21
-0.49,-0.74
7.25,3.06
7.18,-3.34
9.17,-6.6
-3.88275,-7.28114
5.04,-6.16
1.67,-0.12
-3.1,7.07
-4.80507,-6.45573
-2.41,-9.38
1.11636,-1.99005
3.57,-15.83
-0.98,-1.32
1.24,4.07
-0.14,0.45
4.05288,-4.2956
2.15,-37.35
5.92193,-1.84433
-3.23,2.07
3.59,10
0.72804,4.31999
-9.05,-4
8.48,8.34
-0.45,-0.76
5.89769,0.31548
0.63,0.88
-0.98,-2.54
4.08403,5.59152
0.97,-0.51
-10.24313,-3.5912
4.31,-1.88
-1.7,-6.31
0.07,-5.27
6.40729,-3.68868
-0.55,-1.61
-3.66,9.43
-10.9,2.89
8.36,-1.46
5.06361,3.60978
5.06256,-11.41317
4.16,0.46
4.57,0.34
-5.54,-1.34
-2.06,-1.71
4.19077,9.57103
-3.63396,5.81476
-5.46,1.33
3.96,6.53
7.99,1.92
2.26,-2.41
-1.72,3.76
-6.14332,-4.74026
14.76,1.19
-2.79,3.68
2.74234,3.8588
-0.07,-0.69
7.79,3.42
-11.07,3.45
0.94614,14.4453
-5.25556,14.71089
3.98,-8.49
-2.04,9.27
-46.73,-9.52
1.38467,-20.41143
2.05,-12
1.05,7.8
7.2931,-0.16957
2.94,-4.59
-3.58558,4.74863
-3.19787,-5.76633
0.49,-5.11
-4.93511,3.42768
4.13,-0.49
10.2258,0.72668
0.89782,8.95647
-10.8,5.56
-4.64,-7.61
-4.86857,-12.3345
4.53,2.01
0.49,-0.96
-1.14,-0.02
-5.84,0.58
2.98,0.49
10.37078,5.08699
-0.54,-2.42
23.85,18.99
-10.21,0.49
-7.01,-4.05
-6.76,-14.54
-5.87,0.39
-5.46065,-3.71303
2.81,-13.16
-10.92,-4.32
-10.48619,0.48528
14.59,-11.57
4.85,-8.21
13.66699,-8.42936
-0.89,0.74
2.64,-0.16
-6.29,5.07
-0.53,-2.23
-0.17,6.03
0.99,-10.95
-2.46,0.84
1.01,-0.15
-1.35906,0.72806
-5.37,-7.9
10.36,21.78
-4.65927,-8.00932
0.8,-0.89
0.78,-3.99
-5.95,-1.48
-9.96,1.97
-1.9,5.25
1.69,-0.54
-0.14,-2.04
-6.21,2.14
0.19447,-4.81365
3.59,-4.22
7.57,-6.11
-0.04,-0.13
3.57,-2.11
-21.57,6
3.42,-8.62
-3.54,-4.61
0.92,-0.01
3.73731,5.33928
-15.40871,-7.67534
-13.69,1.07
-5.7565,1.30595
1.46,-5.99
3.42,6.53
-0.9,8.14
4.47,-4.18
-22.51,-4.01
10.19,-3.86
-2.38,3.79
-7.93558,9.29535
-5.65,9.54
-10.78,-0.15
1.24,-8.01
-6.16464,2.37821
11.12,-9.71
1.27,-1.17
-5.48447,-7.7179
1.20913,8.41764
4.52,-4.47
-15.85,-10.21
-1.22,1.51
-0.6,0.82
31.07,-20.92
0.88,-2.56
5.65744,-15.19395
-6.38,-1.97
1.55,-3.4
-8.06,6.36
2.48,0.58
-2.7,3.87
-2.42691,-0.43683
-6.9414,-2.62084
0.93,-1.81
-0.44,-0.38
-3.51303,-0.89639
5.08,-2.26
8.34,4.69
3.15469,-7.52397
0.49,10.63
0.92,-14.62
-0.16987,6.48026
-2.55,-2.99
6.19,-5.03
-28.93,-18.02
-9.99956,-7.42568
-13.16,6.41
-2.41,-0.66
-9.75,-13.64
7.47,9.47
0.94,-0.87
1.63,12.3
0,-0.94
-6.58,-1.56
-8.72272,-4.26356
0.7,-5.42
-0.53,0.92
-3.13067,3.47046
9.85,-1.14
5.85,8.81
6.75987,-2.68904
4.77294,-1.72008
-0.67832,-5.71796
3.26512,0.79811
-2.13915,6.90467
-5.41,5.56
22.99,-6
0.24227,-3.39189
-8.19,-2.41
-6.38457,-8.90092
10.28,16.71
-9.96,-1.38
4.58,-2.14
11.02,9.56
-0.22,-0.22
-2.71809,-3.54328
-6.43,2.84
3.00919,6.01896
0.89,-1.82
-5.42,-4.35
1.75,1.7
-44.45,0.97
-0.8963,8.45638
-11.36,-7.09
-8.64086,-0.04853
0.53,0.64
-5.16,-5.06
-0.69,-3.38
4.06,6.44
-4.76,-7.72
-1.21,-1.21
0.5,0.82
2.46,-4.31
-1.08,-1.88
-1.36,-1.12
7.39,-5.15
-4.15,-2.15
5.55751,-6.043
-12.52,-6.68
2.25701,-1.82016
1.37849,6.40964
-10.97713,-2.97936
3.76,6.72
-2.5402,-4.04027
-1.19,-4.45
-18.2,-11.58
0.7,-1.77
10.7,7.83
2.6,-5.71
0.66,-6.19
0.16,-0.11
-3.98,-7.82
-0.19,3.93
-2.67,-1.84
5.62104,-0.04845
-0.05,-7.57
-12.67,2.79
2.78,3.07
-8.23,4.68
-4.62,3.55
8.13,-6.96
1.41,7.93
-2.19,-7.29
8.57,1.48
-3.76,-1.53
5.31,11.29
-1.69587,-4.07028
-0.66,0.95
11.01,8.57
9.95,1.55
2.04,-0.44
0.23,-0.86
5.82,1.49
1.43,3.71
2.26,1.68
2.75,4.31
-1.6,4.5
7.37841,1.69866
-3.10579,-11.06881
-14.45,0.02
10.24,4.17
-6.08,9.68
1.21,-9.47
0.22,12.74
-10.91,2.6
12.31062,2.66432
6.71,-3.6
-3.17926,-1.82014
0.51,-5.96
-1.67,7.94
5.19,-2.36
-1.7,-4.76
2.42675,-6.16464
12.59,20.27
-2.31,10.21
-1.2239,0.98392
-2.8,-1.44
-3.31,5.4
-7.53,-1.44
-15.73,-16.55
-1.99,-6.75
10.86,-10.28
-0.78,-4.27
16.37,3.18
-0.57,1.25
-8.91373,-14.15177
0,-1.11254
0,-0.03
-0.41186,0.36341
0.92,-0.68
-6.06,-7.96
2.66,4.31
2.79,1.96
-1.48,-1.24
2.56,15.2
8.835,-2.37804
-4.07721,-3.30053
-5.48,2.8
7.16,-1.41
-10.21215,2.23616
-21.59,16.88
7.26784,8.91606
-6.86,-8.5
-1.72,-2.29
6.32367,2.97979
-10.51486,9.93297
7.57,-23.51
2.27738,-1.21136
-1.31,-0.73
1.69295,-4.20841
8.15488,-5.33879
-5.4,11.72
-1.1367,-3.74886
-1.64746,0.96909
1.74017,6.13968
8.75,1.46
-11.23,0.83
-7.07478,-4.16685
1.71,-0.24
1.56,-18.03
2.26,0.12
-6.38314,-1.4803
-5.78,2.48
0.98,-0.86
-2.3015,-5.25753
-2.31,-6.21
0.44,-0.66
1.21,-7.57
-4.63552,-0.94645
-7.04,5.34
0.85,13.13
3.14,-3.82
-3.77,4.01
-4.81,-6.55
-6.41,1.41
-12.5,4.25
3.89,1.6
-2.55,2.36
19.85,4.62
-2.16,-0.71
1.39,-0.29
11.57,-9.14
10.53345,-8.34787
-10.48495,-8.1537
11.04,-3.74
-0.51,0.02
-20.01015,-6.7425
-3.6,-2.24
1.82,-5.76
-1.85,0.83
1.57,1.34
-0.72667,10.8076
-5.73,-0.97
-0.41,-3.87
0.36341,1.23559
1.71,1.29
-3.85885,0.26695
-1.64746,0.87218
5.66863,-9.30417
0.9,-0.05
7.27,4.6
-3.73113,8.82105
9.49861,0.19379
1.84,-0.29
-5.49946,6.6142
4.69,3.18
-0.26,1.83
-5.19363,4.02855
2.35404,3.71319
2.28,4.07
0.4611,-2.30556
0.27,5.79
-1.50191,8.43212
2.1,-0.04
2.6,19.06
-0.61,0.95
3.05773,6.01896
-4.19,3.6
-13.38,8.92
-2.16,0.55
6.26,7.14
3.03,-1.34
2.6,-1.56
-1.84,2.82
3.67,-0.85
-1.83,0.85
0.96,1.38
1.25,-2.02
0.07,10.19
9.52285,-0.75093
10.3,2.95
-2.26,-4.26
-3.2,4.42
-9.66009,5.43561
-3.31,3.74
8.4,2.96
5.40242,-7.53505
-16.1,-9.05
-0.07268,-6.03298
5.93,1.51
1.43,-0.57
6.08145,0.07268
-11.65605,-2.05884
-0.25,-0.67
3.31325,-6.45792
1.41,-0.49
4.75632,5.19098
-0.17,-1
8.94,-0.84
5.91162,4.40924
-0.62,0.46
-21.81,-7.76
9.19,1.07
-0.25,-1.96
7.60991,0.70493
2.53064,5.01294
-5.95,0.07
1.97,9
-6.53,4.05
-5.92,3.92
6.22,1.24
-8.15,-7.52
-7.05,8.56
-2.57,0.49
6.43384,0.91899
1.9,-1.7
-2.26,5.77
17.26,-5.85
2.03,2.3
-6.03,2.04
-8.64,-10.82
7.65546,-9.20679
-9.85,-5.37
2.92,0.29
-0.49,-10.6
-0.82,0.84
-1.46,0.78
-2.79087,-4.24713
4.09,-1.56
-1.06592,6.54185
-9.23078,8.60051
-4.95072,6.26153
-6.63874,-2.1803
-3.27,-6.61
-0.22,5.62
-5.08,3.99
10.99,5.58
-2.09,0.83
-5.88,-11.57
9.19,9.87
4.42,-3.16
1.06,-2.13
-2.5,2.99
-0.29063,14.00825
-4.1,2.31
-1.96,-2.79
10.07,2.26
8.13088,-3.08183
-2.06,-1.93
10.31621,-0.16985
13.18,5.2
-6.48,11.25
9.19,-9.14
4.37,3.4
-5.99,0.68
-1.02,-3.97
0.33976,-1.74737
6.5,-4.95
5.87,6.75
0.94,8.02
1.41,1.75
-1.82,-1.09
-1.59,0.21
5.80054,2.49957
-1.79,1.34
-3.86,8.62
-3.39184,2.81035
-0.58,0.88
-1.23766,-5.12095
-6.02181,-8.63486
-4.63516,8.88587
-0.32,-0.81
3.89,-1.18
-0.27,5.79
-4.37,2.43
-1.41,-7.91
-0.52,-1.38
3.48,-5.53
1.58,-5.39
10.22,1.77
-0.93,2.46
-0.41,-3.23
3.54,-3.83
4.42,-0.1
5.06,-11.91
8.28,3.75
-8.34,5.32
-1.68,3.53
0.27,0.51
1.72,-1.09
-4.68,9.39
1.17,-2.58
9.89,11.79
-2.36,-2.75
-0.22,-3.23
7.63,-2.87
-4.41,-2.85
5.99458,4.44107
4.85358,-6.747
-1.8,3.26
-10.29,-1.92
-0.57,1.57
-8.21,-2.31
-2.5,-0.36
2.18,20.07
4.1,-3.62
2.84,2.16
1.43186,2.01432
1.07,-0.39
-9.43,3.48
-7.46261,-3.14929
-4.1,-1.58
2.07,-16.27
-0.31,0.52
6.89,-5.53
12.5,16.58
5.39694,5.0079
-11.7,-2.26
11.77263,5.60504
-3.86,7.31
-4.27,2.57
-8.27,-1.07
-0.97,3.74
-52.28,-8.24
-0.58244,-3.88312
-8.34936,3.30022
-0.47,-0.23
20.89,19.05
0.18,1.9
-1.39,0.39
-2.9,3.58
10.71063,0.53289
2.8,4.51
-6.39641,-2.13186
0.67719,-1.88649
1.37,1.26
-1.04,9.22
-8.73,-5.62
-1.33,1.93
1.06,2.31
3.45852,-4.03903
7.01,7.84
-5.09659,3.34901
-3.5,-8.12
4.39,1.24
-15.94,-5.38
7.77,-4.27
-2.25,-2.59
2.23,9.71
7.85,0.34
1.82012,4.00445
-4.76,6.9
5.17,-9.83
1.16,-3.35
-3.01,1.58
-6.36,-3.43
1.26197,2.6696
-2.43,8.69
18.23,-0.83
-6.92913,-6.10516
-1.98661,-3.53724
-8.2853,-9.88524
-1.27,-1.02
0.08,0.32
-15.38264,17.27594
12.04397,2.0588
2.76642,7.32979
-2.14,-6.36
5.76,-0.75
0.56,4.87
5.92,8.98
15.09,-21.8
2.65,0.35
-1.42,0.42
10.09,-8.14
-4.02,3.92
-13.57,-9.05
-11.16,-14.76
3.4,-7.72
-2.94885,18.77954
0.73,1.56
1.7,-4.03
-9.13421,-7.14664
-0.58,3.2
2.7619,-3.24647
-3.39731,8.15513
12.53,6.13
-0.9,-2.84
-2.7,-3.67
-9.11801,-9.02121
-1.84,-12.09
13.79,-4.8
-0.35,2.44
4.32,6.55
0.99326,5.64526
-9.21,-7.85
3.51861,8.51928
-3.11,8.46
6.94,1.6
-4.46,9.27
-3.60977,-5.20899
-31.62,11.64
10.02,5.22
7.67,-3.19
-12.43,-7.21
5.31,-11.97
18.42,0.44
6.55307,1.35896
1.07,0.46
0.26695,2.54826
11.98382,-19.47176
-0.75105,0.55723
-4.62,-7.93
4.76475,1.37853
-4.05205,11.57866
-10.31029,17.99016
4.75435,25.18461
-6.09,2.89
1.94,1.46
6.4559,-2.81502
3.52,-4.21
-9.18,-4.94
4.9,1.89
-1.77466,-1.1912
-2.41,9.6
25.86,17.63
-6.12935,7.19568
-2.42263,5.33021
-3.6,0.24
-1.19,-2.35
-5.64,-0.07
-2.32,2.58
3.13,0.22
3.63417,0.7268
8.91,5.31
-3.28,-1.72
2.06269,-6.96571
-0.1,-9.71
0.76,-0.82
-2.63619,-4.08744
8.29,15.69
-0.73,-4.61
2.19,-3.7
3.48258,-5.99829
7.38,-2.04
5.7,-0.22
0.29,-17.31
-0.03,-0.29
-9.04,-1.9
-1.39,-1.23
-17.82336,-1.21276
5.52369,6.58997
1.6,-1.07
-10.06,-2.31
-0.88,2.58
11.18,7.28
2.36,-1.92
9.6,6.34
0.07,1.22
2.43,6.8
4.89,0.32
2.9,-1.83
-0.12,0.09
-0.46,4.8
3.36,19.87
0.73,-4.17
5.75,-5.26
0.14,-0.76
4.5,0.22
2.18,-5.73
-5.40849,1.59342
-0.07,-0.83
15.37,40.27
-4.95105,0.97071
-5.24,-2.04
-0.78,6.42
-3.66,-1.33
1.68,-5.88
3.25,0.24
3.45,-1.5
-2.16,-3.47
2.00737,3.70047
-14.56251,-11.74869
16.43,5.96
4.13,5.83
8.29062,3.86498
2.15,1.37
-3.05,2.01
-1.92,3.48
-11.72199,11.43049
-10.87982,-5.15957
-5.02,3.71
-7.66962,-3.15468
1.35673,1.45364
-1.68,-8.29
2.09,-2.07
-1.33,32.41
3.01,8.66
3.67,-1.21
1.99,-4.07726
2.17,0.26
15.34139,-5.73981
-4.5,-5.47
4.51402,4.2713
12.93,-9.96
-17.55375,-8.46628
16.12,3.2
2.28,-7.25
5.02,-2.2
-1.16,2.07
-4.05293,3.51896
8.07,-6.37
0.07,-13.47
-6.45,3.92
-8.69,5.19
-8.9,9.53
-2.07,-3.14
-12.55,3.45
-1.09,-1.18
9.07,-2.36
1.41,5.51
-3.84,-4.13
-4.34,-0.85
9.17,6.26
-2.39,-3.56
2.36,-2.26
-10.24,-2.7
2.26,-1.93
-8.16,-7.87
0.61,0.46
-11.67,8.31
4.98,-6.69
1.84442,2.91229
-6.60164,-0.43681
2.74224,-5.99471
-6.26954,16.34317
-6.40609,-10.9225
4.8297,0.02427
-4.80538,-2.32974
-6.55245,-7.42643
-8.56,-2.92
0.66,-5.96
1.46,-5.02
0.66,-1.05
0,4.17437
10.92,6.5
-1.55,1.36
-0.29,2
1.7,-10.39
4.61959,-2.29757
3.68,-0.34
6.71,-1.1
3.22145,-7.29176
1.21,-16.98
1.53,3.8
-1.1144,-5.2818
-5.22409,-5.27247
1.41,-11.65
2.44248,8.2966
8.41,13.76
-6.3,-9.6
3.08,-5.99
7.18374,2.10397
0.94,0.03
24.34,7.32
-11.92624,3.69956
-2.07,-8.73
-9.23,-6.86
1.99,-0.34
2.95,14.67
-5.8144,6.92918
3.96,-8.13
1.12,18.24
-10.36477,0.55808
-0.66,-0.63
3.2,0.78
1.95,4.29
3.30019,8.59213
-4.3,7.35
3.9,4.77
-9.63,-10.9
-4.56259,3.83444
-8.43158,-18.60651
-11.55,8.25
7.48,-1.21
-3.41611,-0.60567
-0.14536,-5.42719
15.56,-3.37
-7.99,-2.98
-12.53,1.31
16.0694,4.81922
-1.39,-1.88
-0.8,-10.46
-4.48217,-2.15617
0.67,-0.8
-0.02427,-8.71369
1.96,2.31
-12.43,-2.97
-2.37,0.72
-4.34,-0.27
-0.32,10.36
2.94,-5.57
10.56,3.18
-6.63,2.4
2.72,1.59
-2.79063,-8.08235
-4.1,7.94
4.47,3.88
4.42,-0.73
-2.97487,-1.57205
17.75,7.44
2.2289,-2.51964
3.68893,-1.94147
4.42,-7.09
1.47533,-0.07256
-2.19,-2.69
-9.66,4.8
3.4,-16.56
3.65,30.07
-3.08,-0.01
7.52,-3.64
-5.14523,0.72803
0.97,0.82
-4.23,-0.14
-4.34,-1.14
-1.04,7.5
-5.88294,7.09882
-3.96269,1.14256
-0.39,-6.42
3.87625,-5.62089
2.71349,0.82372
0.99,4.83
-0.57,1.79
12.14004,-6.80664
1.9,4.93
3.30063,-0.14561
-2.48,5.25
-3.32,10.35
0.54,1.52
1.89297,-2.1842
-3.64,-1.02
-1.24,4.79
5.35,-2.03
-1.99,2.53
-0.59,2.28
2.78,-1.83
1.88,0
1.79,1.63
4.74,-2.21
10.44,-9.32
-7.67,15.42
-0.43684,-1.84444
-5.4,-10.01
1.99002,-3.34914
-0.9,0.66
-16.71,-4.79
1.25,2.76
4.23,7.24
1.58,-2.13
-9.84,5.65
-0.41,-1.29
3.46,-0.75
1.19,14.57
-6.82,1.27
4.36,7.32
1.04,1.28
-1.94383,-17.17199
-9.51,-4.71
-12.94,6.62
1.62869,6.24816
1.2619,-6.16469
4.35,-2.89
-1.19,1.87
0.38761,-6.20261
-6.44,-1.41
-8.31036,6.46837
2.8,-6.6
1.7,8.43
3.08188,-7.5968
-3.03,1.51
0.97054,-11.11756
10.35264,6.52937
5.65,2.69
-0.36,2.11
4.12,4.94
-0.24,1.65
0.75,6.87
0.92,31.02
-3.45212,1.7017
2.32982,-1.50466
0,0
-7.2,-9.14
7.4,-7.79
1.22,-2.67
-0.37,-1.48
1.6,-1.54
19.2,-6.93
-15.78,8.05
-6.77,-3.7
-4.98,-1.53
-3.18,-6.48
3.75,0.39
8.35,5.1
-0.36,-10.53
-2.19,0.88
0.19415,3.64041
-19.55,-0.75
2.6,-14.57
-9.66019,-4.9017
2.11,-2.21
-1.26,1.12
-2.10425,-30.94224
0.39,-2.44
2.25,-3.17
12.43,-1.41
3.91,8.29
-0.07,2.18
-1.64606,21.92008
1.28618,5.80058
-2,-0.93
6.11,1.79
3.08,-3.52
3.17378,2.97995
5.35,6.22
-0.84,-0.7
-4.66,-3.15
-20.64,28.78
6.46,5.73
-0.29123,0.72807
5.02,-2.69
-1.02,1.5
1.71939,15.77886
3.4,-0.88
10.52,4.58
9.9,-0.36
-15.95,-2.06
6.95,-0.22
-3.59,-1.93
-0.02427,-0.75233
1.14,0.85
-6.76,-3.16
-3.73107,1.88969
3.95593,0.26695
9.02,-1.68
-1.49951,-0.38697
7.30561,0.89786
4.47,3.7
5.88321,-4.9106
-1.91718,4.58695
-0.50877,2.6408
7.32,2.11
-8.03377,3.08184
10.67,12.67
-3.77757,-17.20999
-5.44,2.63
-6.58,-8.86
8.33,-6.54
-0.32,0.02
6.41,2.09
-10.6,11.72
-0.34,-4.72
-3.56,5.47
-2.71815,-0.3883
3.5433,-2.32978
9.02915,3.20308
-4.67586,-4.72432
-2.76,0
-4.54,4.88
-0.66,6.99
-14.35,9.24
3.33,-0.07
-9.29607,4.44067
-1.77149,6.91717
2.37,-0.3
2.81,1.34
2.74,1.04
-2.47112,4.60331
2.22,-5.12
0.33,-1.74
1.43,7.42
7.74,2.09
2.75,13.28
-1.94152,0.3883
1.11443,-3.92492
-7.2,10.37
-0.39,-0.15
-1.38,-0.22
-10.32,-6.28
-3.77,-11.5
1.74,-0.64
-3.62143,6.08453
-0.63,-2.72
7.43,-5.19
-2.4,-0.27
1.57,1.78
-2.5,-2.31
4.6,1.19
7.75344,2.90701
-1.75,12.21
-6.79,-7.18
-7.81534,2.32958
4.19859,2.69379
0.5,3.11
-35.85,-1.38
0.3883,-2.32983
1.47292,-10.26594
2.09,1.6
1.96,10.69
3.54,4.46
2.57,-6.7
3.14,-4.5
-3.38,-6.39
1.67166,3.17381
10.36,2.58
4.47,-4.33
-10.82552,5.77513
-4.71,-3
-1.41,-3.15
-10.93,1.97
-4.53,-3.99
-9.81787,13.49764
-3.51,2.88
-3.58566,-3.14953
-2.73,-5.16
-0.29073,0.33918
10.68,5.82
4.08,8.64
-2.82,-3.36
6.55003,-16.21793
-9.35204,-8.28545
1.26,3.83
2.33276,-10.16076
-0.06,-0.61
-1.14,6.14
-3.93,0.32
1.86,-2.58
-4.07712,4.85383
-5.71,-0.14
0.49,-5.41
-1.11,1.22
0.17,1.72
-0.87,-5.48
8.98651,-13.93349
34.42,-20.93
-1.19,-4.83
5.37,-0.41
-3.95593,-0.84939
1.25977,4.84564
-0.63,5.24
15.80489,-6.38034
-0.85,-1.31
-7.01359,-8.27177
-4.86,1.94
-0.7258,-15.15749
31.95,9.66
5.92,-9.03
-0.7,-2.75
3.81,1.85
-0.89,1.23
-8.50448,5.06308
4.84565,-0.9206
-7.12,3.22
13.23,7.21
-0.53,11.47
-6.22,-0.63
-8.1,-24.73
-10.27007,15.21814
-2.28126,2.91228
5.39,9.37
-28.39,-1.07
1.8,3.26
-2.67401,-5.78613
27.06,35.61
17.45,-3.2
-1.56,-0.49
1.47723,15.68184
0.44,0.97
-8.4,29.53
9.43,0.73
-14.66,-13.3
-0.74,-0.87
-3.27,-2.25
-3.28,7.65
-2.04,5.88
-10.39,11.46
1.82,0.22
-6.26,-11.36
-0.24268,-4.36854
-0.77,-1.13
-4.83,-1.33
4.7,5.71774
-10.00674,7.14642
-0.39,2.24
0.84,-1.42
-0.79,0.64
2.37837,-0.48537
-0.38828,5.5336
2.65,0.67
-3.32,6.37
-0.61,-4.35
0.02422,7.87473
6.86865,0.6552
-2.63,4.08
-3.31,-5.59
2.5,-5.42
-8.06801,-6.51688
1.14,11.72
-0.53,1.89
1.41,8.3
-0.29,-2.09
-12.3,-3.87
0.51,25.38
-17.43,11.31
-1.79,3.04
3.94108,0.55607
2.41,-0.32
12.98962,-2.0345
6.20253,2.7133
-1.22,-14.86
-4.18,4.42
4.04,0
2.19,6.13
39.16,18.11
6.1,-1.09
7.4871,-9.62752
-7.46,0.3
-3.21,-11.64
-0.48,-0.7
2.93,-1.59
-5.03,-10.19
-3.99,4.52
2.57,-4.13
-2.96,-0.44
-11.67,-16.77
2.63,-10.65
1.75,7.49
-5.17,0.24
-8.4,4.46
-1.73,-9.13
1.21,1.7
-12.55584,-0.94298
2.48,-8.4
3.07,-12.67
5.98029,6.36936
0.89,2.7
2.66,-8.37
3.46,1.87
7.49,3.11
0.19382,-0.62991
-6.82,5.11
0.39,0.84
6.33,3.13
12.24,6.05
7.62,2.72
1.87,-1.97
0.05,1.85
-11.55,-1.58
15.93779,19.67719
-3.27049,-6.56597
1,-1.33
5.43,5.23
-0.39,-2.11
-5.96,-3.09
6.63722,1.38559
-6.04,0.32
1.31,-2.67
5.46,9.93
-1.62,0.15
0.94,0.76
1.6,-13.81
-0.78,14.13
3.46,-4.37
-1.55,-0.47
-3.29,3.43
-4.33,0.83
-2.09,0.15
-2.38,2.13
-1.99,-5.2
2.08,-2.37
-5.84,7.89
-4.49,0.56
-10.63,8.44
6.82831,18.95627
11.69799,-10.82353
3.51227,-11.07404
0.07268,-4.19145
-1.16291,0.04845
-4.52,8.44
-10.06242,5.85223
-2.29,0.63
15.66,-8.76
2.23,-13.06
1.92018,-10.1392
-12.69206,-13.61541
-2.87,4.33
-7.52,-2.09
-1.55321,1.21344
3.12535,-1.91393
1.48526,8.69471
7.14,-0.44
2.01,-3.95
-0.49,-1.36
6.27508,4.48189
1.94151,1.79589
-1.7,-10.42
5.72,5.77
-12.62807,4.2556
-5.14,-7.57
15.88,2.88
1.63,1.33
-1.09,-1.28
-2.5434,-10.44386
-11.05,-5.49
9.16,0.63
6.43,2.84
-2.79,0.07
-13.25253,12.91293
-0.66,-0.7
1.74,0.94
19.26,5.21
12.28273,-5.24092
3.57,-5.96
-13.76517,-4.79558
6.16,1.63
26.67,-13
-2.4,0.31
3.05784,3.9316
-0.70258,-2.78617
1.96,-0.82
5.92,-5.29
-5.86,4.07
-0.88,-6.77
-13.81291,-5.50746
-0.54,2.39
2.97,-0.57
3.07,0.44
-2.8,-0.05
5.95,6.33
2.47968,1.26413
-2.16,-4.94
-5.57214,-6.68689
0.46,2.84
6.14,-6.82
6.11,3.1
-0.46,-4.25
5.16054,-3.51287
-2.35811,-2.01775
-6.27,-9.04
-2.99906,1.20927
-2.33,7.52
8.79545,-4.04552
-6.75,2.91
0.09724,-4.37601
0.14536,-0.67836
0.06,-0.77
0.79802,-8.63541
-4.59,1.58
4.25633,7.93352
1.16,6.07
-0.67952,2.18421
0.78,1.87
-4.43333,7.24438
1.26,-3.83
5.35,-4.38
5.12,9.93
-1.55,-1.6
6.79512,-7.71768
1.49,1.29
4.85,-0.39
0.36,-0.9
-1.05,-2.31
1.74421,-7.31729
12.50374,-6.73386
-6.38,5.85
4.43,-1.22
7.75,9.41
-6.10561,2.5195
0.07,0.47
-3.24,2.03
-8.05,2.07
-2.8,-2.63
31.83,-18.94
-1.09,-13.25
-2.51966,0.6299
5.76,6.39
-0.39,0.55
1.07,-0.58
7.61,3.57
-1.9,1.17
-0.99,8.07
0.19382,-1.69592
-3.71,5.76
-7.60815,0.24225
2.22,-2.12
8.36906,-3.72422
-11.9,-10.36
-1.89,2.33
-5.29084,-1.69874
3.68895,0.14561
-11.26,-0.9
3.17,-4.43
-3.98,12.09
4.64,-0.41
0.09708,-1.31052
-20.7,-6.09
1.85,-6.08
-1.31,-5.15
-0.57,1.81
2.14,1.12
0,0
-2.34,-1.41
4.18371,-8.48998
-1.1,-8.26
-17.76131,-15.13973
4.02052,-13.61983
-8.67,-10.71
-3.25,-1.94
-5.69,-1.94
-0.84,-0.5
5.46,18.43
-4.53,6.72
5.98,-2.74
-8.81072,2.35378
-0.22,-3.32
30.29,35.12
10.43788,-18.15334
-4.47,-2.82
-8.43,-3.68
3.93166,0.92219
-9.88,4.73
-18.05,-0.63
-6.31,-4.61
-3.22766,-5.21796
1.86521,9.61975
5.47,12.5
8.14111,-3.82756
-5.07,11.34
-1.87,-3.08
-7.94,-1.12
5.46,0.8
-1.24,10.92
-3.2,-10.58
2.28,-2.22
-3.13,1.6
-0.92,9.39
-4.91802,-6.17811
0.56,-3.08
-2.6,-5.62
-3.72,-2
1.65,-1.44
12.33,7.32
-0.75,2.52
-8.79,-1.31
0.43,0.46
0.77526,3.39188
-2.91,-20.57
25.73,-2.69
1.21,-0.04
9.135,1.57455
-15.05082,-3.75381
-4.74054,1.88642
2.45,5.35
-2.16363,-1.28844
1.03,1.22
3.10623,6.55298
-3.97,0.17
-1.18917,2.15994
23.14,-24.16
-4.22,-2.56
-4.5,6.73
-1.89298,-0.58245
-4.97,0.93
3.48,-3.03
-9.16,-2.24
-3.06,0.44
11.43,4.13
-0.61,-3.68
-2.66,8.63
-6.65,-9.22
-1.2,-1.74
-3.85,-0.94
-9.92768,0.94632
6.72,-8.37
2.06,10.9
8.27,-3.89
-0.68,7.82
-0.7,-0.85
9.51448,-5.09587
-6.5,2.04
-3.69,1.94
3.77227,-10.83715
0.32,-6.02
-4.11112,-8.80452
-0.89791,-4.78115
-13.18,-1.87
1.06,1.23
-3,4.75
-5.65,0.29
1.26198,1.69882
10.45,7.2
-0.42,0.48
-6.02,-11.21
7.65,-4.44
3.87,-1.19
-0.24269,-1.16491
1.34,2.6
-0.19,1.02
-8.1651,-5.59615
-1.57469,5.69371
-7.26,0.85
7.70407,-8.62514
-2.5,0.38
3.99,1.74
-0.12,-25.02
-4.5,-5.29
-2.28,0.24
-11.53,-1.41
-0.61,-3.09
-5.2,-4.76
-7.37787,6.601
7.16913,14.83154
-2.92,2.38
-6.48963,12.23044
-11.72,13.52
-11.34,4.29
-3.68214,-8.72279
0.11,-0.86
4.04605,-1.91391
1.36,1.74
-3.00935,-2.7181
1.29,-0.55
1.87,0.57
-0.84,-0.45
-0.15,-7.43
-9.13461,-5.11143
1.57185,8.92572
6.65003,3.64013
5.65,-15.32
-5.36,-5.8
-2.8536,-8.22399
-2.04,1.29
5.63068,0.77656
2.67,-2.04
-12.28211,-7.47355
0.1,0.82
1.84,-8.01
-5.71791,-2.32571
-9.18,-2.01
-1.78,-2.9
-1.65,0.37
1.83,-3.72
3.83,-5.82
2.01,-1.97
1.36,-1.64
-1.59,-1.89
1.8,-1.21
-9.07,18.84
4.13,-5.01
7.45088,-5.46024
4.07729,0.04854
9.76,-11.08
-3.14943,5.52402
-7.30561,-0.60666
1.85,-3.99
-8.52,7.4
5.76533,-10.37064
-0.88,1.26
-1.92,-2.51
-0.02,0.02
2.58,-4.68
11.57,-2.7
-0.19379,8.96537
1.53,-5.03
-6.11,-0.24
5.89741,5.21773
7.74164,-8.2758
7.77614,-10.92765
1.97,-0.9
-18.86,-11.13
2.23,-0.45
3.11142,8.07183
4.88,-7.65
0.89633,7.00228
5.16,-4.29
-4.46,-3.4
-0.63,3.2
4.05,-0.46
-8.85933,-1.52873
-9.18121,-11.8968
-2.67,1.07
-4.25,-5.51
1.87,6.1
-5.97047,-2.087
-4.23,-4.13
-5.68,-10.44
2.22,8.32
9.40953,-1.72577
-8.64847,10.87889
3.65836,-2.49538
-2.67,5.44
5.56951,-17.64625
9.41,-13.3
5.1,-2.37
-2.02,-3.04
4.26411,-1.84122
-2.04,0.07
-1.31,-7.22
5.88714,6.56569
-2.12,-1.66
-8.73783,-3.00898
8.33,-1.63
-9.12,-3.09
-2.84,1.39
-0.59,-0.97
-4.51391,-5.63049
4.3,1.67
-3.65,-2.34
-0.3,-0.3
1.31,-1.75
-14.71,-11.89
2.47459,14.03215
15.45,37.94
-1.02,-6.86
9.7164,-4.62681
5.29683,-3.11985
-0.75361,-2.79573
10.91,-10.71
7.71829,1.35892
-1.91725,0.99502
9.09,-1.41
-9.39274,6.81904
-8.91659,4.40889
-1.62044,1.8623
-10.73,-1.07
-7.33,-4.75
5.57244,-3.73089
-11.63092,6.83102
2.24,3.45
-1.16,0.42
1.8,2.33
-6.81,2.67
5.92,-5.97
1.53,-1.19
-0.46111,-0.80087
-11.82,-8.18
6.89,1.21
2.16,-5.12
-4.89,-1.05
-5.11,0.49
3.59,-0.97
-4.22,-1.99
10.26,5.03
6.15,-1.63
-0.02,4.39
2.25,4.09
-0.62,-0.35
7.11126,-3.42167
-14.62,0.73
3.11997,2.24925
2.71,-7.85
4.66,1.6
0.80087,0.55818
-6.89,4.22
9.76,-2.91
-0.1,-8.91
-3.9,2.2
9.92,-13.81
2.77,-19.36
7.2896,-16.45669
-6.36,-3.11
1.81,-2.3
-5.32388,6.15062
-1.42,-1.22
-0.9967,-3.5737
3.57198,16.51436
3.79,-0.88
-4.94,-12.5
5.22368,-8.51403
-1.12,-6.97
-3.22,1.48
3.12,0.85
2.11,9.1
-0.31,0.72
3.47,-0.02
0.29022,4.06331
1.46,-0.73
5.28,1.05
3.81,10.66
-6.73,6.88
0,3.49
-5.45,2.23
-0.03,-0.15
0.3876,7.31733
10.58,7.33
10.36,-1.22
-0.56,-0.47
14.39557,5.37676
-0.93,0.58
-1.84442,2.37836
-3.85,3.5
-0.56,1.19
16.46,-12.03
-2.7,-1.24
3.08,-6.38
4.15,3.62
-4.09401,-8.50461
-2.38243,0.97241
-1.7107,-3.59018
1.41,2.73
-0.02,-0.03
-4.82968,1.38327
-0.09724,2.13933
-6.09,3.31
-10.6561,-2.01392
3.71,2.18
0.8947,32.9887
4.02,-4.07
13.22877,2.72195
4.42,-0.83
-5.37741,-11.77675
2,-5.16
-1.31052,0.82514
6.83,-8.96
1.43,-2.02
1.55,-0.41
7.16,-6.33
-0.92,-0.88
-1.86,0.77
6.55,-4.9
6.25,9.5
-7,-11.14
-0.39,5.54
0.19,-1.36
-2.82,3.95
2.14,4.81
0.13,-0.82
4,1.39
0.43,-0.33
-1,5.28
-1.78,-5.04
-16.8,-8.31
-3.9,-10.91
6.55,2.62
-2.89,-1.7
3.49479,0.58244
-2.17,9.52
-0.09707,6.06761
1.07,1.61
-7.67,2.04
-2.62,6.8
-3.31,1.02
4.67,22.75
14.69,-4.88
4.64,0.85
3.39771,0.67951
2.5,-19.58
5.39,-10.44
-1.43,-0.4
1.32,2.49
0.5,-1.2
-3.91798,5.36934
1.75,6.77
17.77,-9.71
-3.59098,-11.79731
-6.85,-4.32
1.63,-0.46
-6.22,-2.87
3.78,6.71
-2.14,-4.76
-43.04,12.05
7.39,9.43
0.46,-0.15
0.43,-0.88
7.23,-8.3
-0.68,9.76
1.63,-4.45
1.22,-2.33
9.27972,6.71047
-1.56,11.82
-2.92,-0.74
-3.91,-2.69
-2.41,0.08
4.47,-3.15
-3.37,3.08
-2.39846,-3.80374
-5.23307,-5.47539
8.71133,-12.35453
5.45,2.29
0.55723,-0.94486
0.54,-4.24
3.85,2.19
7.74,4.73
0.15,-3.48
-12.86583,10.73172
-6.7,-6.75
-2.16,-0.12
-7.92274,-5.74156
-7.74,-9.64
-0.39,-4.96
-7.63,-0.02
8.99,-40.98
-2.55,-6.69
6.88,12.33
-1.64443,-8.36923
-0.99323,-7.14768
3.73102,3.3918
4.48,0.41
-9.31,-1.09
-0.38759,-8.5291
0.92,0.21
-1.38096,-0.99332
-4.5,-2.11
-5.53849,-5.68364
-6.47,2.98
2.17,1.54
-12.2,-10.4
3.47,-1.19
-18.88407,-5.30269
1.65,0.62
-1.6,0.9
5.82,3.54
2.92,11.67
-2.41,-4.21
-0.78,0.58
1.52588,-12.77143
1.82326,-2.79571
-6.02,6.65
-2.93,-0.52
-5.33,1.04
-5.75069,-11.57832
-6,-5.42
5.664,7.94992
3.98,-5.19
-8.11,4.85
-2.19,-6.32
-8.67,1.38
-11.87,-0.99
-0.8,1.87
1.12,4.49
1.17,0.08
-0.52,-0.74
1.94,0.59
-19.77,3.59
-11.81,7.18
-3.17,1.14
-19.6956,-0.84883
-5.62098,2.51952
-10.58,-14.42
-0.46,1.97
10.02939,6.62001
-1.76,-0.79
-1.04,0.71
-26.48,1.8
2.13562,-3.93163
4.52254,6.50619
3.65,-6.9
1.26,-0.07
-16.71,-2.07
9.97,7.73
3.14348,11.22445
9.9,-5.68
-2.37,-1.94
9.97,14.3
0.37,-0.6
5.60629,-3.51886
6.66,1.87
0.8,-4.58
-1.24,-7.33
-5,6.99
-6.72243,-6.9652
8.41238,-2.04183
1.57,-4.06
2.09,-2.43
10.43762,0.19411
-8.82,-5.89
-1.77,1.83
1.0921,0.7038
-1.97,2.18
-0.52,0.65
-8.35,-0.29
2.81025,-5.52404
18.85,4.88
1.31,-8.06
2.76,-0.07
8.94,22.87
1.3,-0.68
-8.18,-10.7
-7.49961,4.00407
1.46,0.83
-7.4,-0.34
-3.05,1.05
-0.15,20.23
1.09,-0.51
-15.65456,3.60218
-0.02,12.3
4.36,1.97
4.13561,-5.92567
3.76,-8.96
-4.7,-3.1
0.18,-0.02
32.24,-0.87
-5.22,-7.16
-5.08,-9.12
-2.94696,-1.20774
0.29,-12.42
2.85,2.23
-2.03504,4.40948
0.49,-0.99
2.66,-2.67
-6.53,7.31
-0.51,-5.81
-1.99,-1.8
4.25,-8.13
-10.53,-5.01
-1.19,-0.73
-2.9,7.33
2.31,6.64
-0.62,1.98
1.97,9.26
3.56757,2.25697
5.52392,4.50619
9.135,-1.5261
5.78,4.42
0.60672,-1.57748
2.04,6.71
3.52,0.22
5.48,-6.65
-9.56,-5.13
-6.19187,2.66027
-1.96,-2.78
2.56811,1.35672
-7.9,7.12
3.01,-1.04
0.19,-0.02
26.46,-25.53
-6.26168,-3.25186
0.88,-4.65
-12.63,-5.45
-6.72,5.12
-6.97,2.6
-1.91396,0.8964
-0.27,-0.41
0.27,8.84
-3.28,2.99
27.12,-1.26
2.26,-0.64
-0.56,-8.62
8.75,-9.72
2.25,-0.35
-3.43,-13.93
2.28,-10.1
-1.34,-2.8
-0.48,-2.35
-0.29,8.69
-2.28,-0.04
-1.59,-1.33
-6.77,-6.53
2.55,4.15
6.56,4.33
2.66502,1.45362
-9.64,-1.54
12.11,-3.37
0.22,4.49
-8.2766,2.40235
-2.98511,-0.50964
0.26696,-1.33479
0.68,-3.16
1.65,1.26
-7.35,1.07
18.38,10.06
-9.58681,-7.45005
-1,4.99
-11.38,2.74
-0.71,1.94
-0.35,1.84
-9.71,-22.59
-6.83256,2.81017
-4.24,6.37
-3.82,-3.09
-5.09664,2.52387
3.65,0.44
2.42274,1.98663
-7.06205,-8.0332
-5.40272,-5.06347
-1.66,-4.72
4.39,-2.45
-2.91226,2.86372
3.72,0.26
-4.64,0.66
-0.56,-2.83
-4.56,3.11
-0.17,1.46
-12.31,12.89
3.11,-9.76
-0.27,8.37
-6.54,2.02
1.5,8.64
-11.32,7.3
4.21,9.57
5.17653,-14.07998
-2.09,5.29
-11.51039,3.70599
7.2204,0.24225
10.59521,3.33702
-2.14,13.21
1.31,-4.87
-3.82794,-3.14952
3.26,9.09
-2.25689,5.70346
0.56,-8.3
12.56,-2.3
0.71,0.84
3.47,-1.04
4.79,2.5
0.15,0.24
3.33,8.87
6.49,-5.62
5.28,-4.17
0.98,-0.6
0.15,3.46
3.4,-1.88
2.04,-1.55
-15.57,29.03
17.51,6.8
-0.15,0.02
1.78,-7.96
-5.43621,-5.53331
-6.29679,-1.62869
0.97,4.47
-1.25,1.32
-1.68,-5.03
-2.9,-10.77
3.7,12.07
1.77,-2.84
-1.17,10.5
3.8,-7.68
5.2665,3.32473
3.64041,-1.01927
7.15972,-4.34387
-8.0336,-4.68353
5.84909,-2.25689
-1.07,1.26
1.19,6.49
-2.08713,0.82514
-7.36546,5.13593
-6.97168,-22.74413
0.7766,-0.33976
1.29,1.72
-2.68,3.85
-9.83751,5.08709
-6.09357,-12.19198
-1.17,6.13
0.7,-6.93
6.12,3.75
5.69,3.31
13.81,-3.66
4.73192,-9.05324
3.51,-2.05
-6.25,6.88
0.79,1.65
-0.42,-0.6
-3.41562,-9.0379
-4.1,-1.63
-2.4,-4.09
-2.39,0.87
3.8698,1.11251
6.07086,-3.45839
1.72,-0.7
-2.4,-3.23
-1.45358,4.99102
1.24,-5.11
-5.91,-3.57
7.66,1.61
2.91226,2.91226
